,loss_train,loss_test,iteration,n_layers,n_nodes,learning_rate
0,7944.083984375,2010.77880859375,1,10,10,0.001
1,7886.05078125,1996.118896484375,2,10,10,0.001
2,7828.00927734375,1981.4561767578125,3,10,10,0.001
3,7769.958984375,1966.7911376953125,4,10,10,0.001
4,7711.89892578125,1952.123291015625,5,10,10,0.001
5,7653.82666015625,1937.452392578125,6,10,10,0.001
6,7595.7353515625,1922.7763671875,7,10,10,0.001
7,7537.6171875,1908.093017578125,8,10,10,0.001
8,7479.4609375,1893.39990234375,9,10,10,0.001
9,7421.25390625,1878.6937255859375,10,10,10,0.001
10,7362.98046875,1863.970458984375,11,10,10,0.001
11,7304.6201171875,1849.22509765625,12,10,10,0.001
12,7246.15087890625,1834.4520263671875,13,10,10,0.001
13,7187.55078125,1819.6455078125,14,10,10,0.001
14,7128.79443359375,1804.7991943359375,15,10,10,0.001
15,7069.8603515625,1789.90771484375,16,10,10,0.001
16,7010.7265625,1774.96533203125,17,10,10,0.001
17,6951.37109375,1759.966796875,18,10,10,0.001
18,6892.8212890625,1745.173828125,19,10,10,0.001
19,6834.0771484375,1730.3311767578125,20,10,10,0.001
20,6775.00048828125,1715.404541015625,21,10,10,0.001
21,6715.568359375,1700.3878173828125,22,10,10,0.001
22,6655.75927734375,1685.275390625,23,10,10,0.001
23,6595.55224609375,1670.061767578125,24,10,10,0.001
24,6534.923828125,1654.741943359375,25,10,10,0.001
25,6473.8525390625,1639.3094482421875,26,10,10,0.001
26,6412.3125,1623.75830078125,27,10,10,0.001
27,6350.2744140625,1608.0809326171875,28,10,10,0.001
28,6287.70654296875,1592.2694091796875,29,10,10,0.001
29,6227.41943359375,1577.0328369140625,30,10,10,0.001
30,6172.41748046875,1563.13037109375,31,10,10,0.001
31,6116.65087890625,1549.0343017578125,32,10,10,0.001
32,6060.1376953125,1534.7490234375,33,10,10,0.001
33,6002.87890625,1520.275146484375,34,10,10,0.001
34,5944.87158203125,1505.611572265625,35,10,10,0.001
35,5886.46142578125,1490.8458251953125,36,10,10,0.001
36,5827.41650390625,1475.91943359375,37,10,10,0.001
37,5767.43701171875,1460.7562255859375,38,10,10,0.001
38,5706.54931640625,1445.3629150390625,39,10,10,0.001
39,5644.7587890625,1429.7410888671875,40,10,10,0.001
40,5582.16796875,1413.9163818359375,41,10,10,0.001
41,5518.93896484375,1397.9298095703125,42,10,10,0.001
42,5454.2294921875,1381.5687255859375,43,10,10,0.001
43,5388.361328125,1364.91357421875,44,10,10,0.001
44,5321.34326171875,1347.9676513671875,45,10,10,0.001
45,5253.16796875,1330.728271484375,46,10,10,0.001
46,5183.81884765625,1313.191650390625,47,10,10,0.001
47,5113.53125,1295.4169921875,48,10,10,0.001
48,5042.041015625,1277.3372802734375,49,10,10,0.001
49,4969.24365234375,1258.9263916015625,50,10,10,0.001
50,4895.49609375,1240.2744140625,51,10,10,0.001
51,4820.8818359375,1221.402587890625,52,10,10,0.001
52,4746.04296875,1202.4735107421875,53,10,10,0.001
53,4670.40283203125,1183.3409423828125,54,10,10,0.001
54,4593.96728515625,1164.0064697265625,55,10,10,0.001
55,4516.33349609375,1144.36767578125,56,10,10,0.001
56,4437.50439453125,1124.4254150390625,57,10,10,0.001
57,4357.4853515625,1104.1812744140625,58,10,10,0.001
58,4276.28564453125,1083.6370849609375,59,10,10,0.001
59,4193.916015625,1062.7957763671875,60,10,10,0.001
60,4110.76708984375,1041.755859375,61,10,10,0.001
61,4026.267578125,1020.372802734375,62,10,10,0.001
62,3941.0205078125,998.7992553710938,63,10,10,0.001
63,3855.26123046875,977.0946044921875,64,10,10,0.001
64,3768.50146484375,955.135009765625,65,10,10,0.001
65,3680.78271484375,932.9307861328125,66,10,10,0.001
66,3592.150146484375,910.493408203125,67,10,10,0.001
67,3502.7490234375,887.8592529296875,68,10,10,0.001
68,3412.49609375,865.00732421875,69,10,10,0.001
69,3321.490478515625,841.9625244140625,70,10,10,0.001
70,3230.044921875,818.8037719726562,71,10,10,0.001
71,3137.979248046875,795.4852294921875,72,10,10,0.001
72,3045.272705078125,772.0011596679688,73,10,10,0.001
73,2952.431640625,748.4801025390625,74,10,10,0.001
74,2859.27978515625,724.8765258789062,75,10,10,0.001
75,2765.926513671875,701.2180786132812,76,10,10,0.001
76,2672.556884765625,677.55126953125,77,10,10,0.001
77,2579.40234375,653.9346923828125,78,10,10,0.001
78,2486.540771484375,630.38720703125,79,10,10,0.001
79,2394.25390625,606.9801025390625,80,10,10,0.001
80,2303.0673828125,583.8462524414062,81,10,10,0.001
81,2212.756103515625,560.9281005859375,82,10,10,0.001
82,2123.609130859375,538.29833984375,83,10,10,0.001
83,2035.9381103515625,516.0355834960938,84,10,10,0.001
84,1950.27099609375,494.273193359375,85,10,10,0.001
85,1866.7578125,473.0492858886719,86,10,10,0.001
86,1785.6103515625,452.41680908203125,87,10,10,0.001
87,1707.15771484375,432.45880126953125,88,10,10,0.001
88,1631.73583984375,413.26019287109375,89,10,10,0.001
89,1559.84375,394.9472961425781,90,10,10,0.001
90,1491.6824951171875,377.57073974609375,91,10,10,0.001
91,1427.51513671875,361.19757080078125,92,10,10,0.001
92,1367.6483154296875,345.9046325683594,93,10,10,0.001
93,1312.384521484375,331.76904296875,94,10,10,0.001
94,1261.991943359375,318.85931396484375,95,10,10,0.001
95,1216.6220703125,307.21466064453125,96,10,10,0.001
96,1176.4874267578125,296.88970947265625,97,10,10,0.001
97,1141.60302734375,287.88934326171875,98,10,10,0.001
98,1111.90625,280.19891357421875,99,10,10,0.001
99,1087.283203125,273.79229736328125,100,10,10,0.001
100,1067.526123046875,268.6195373535156,101,10,10,0.001
101,1052.33251953125,264.60455322265625,102,10,10,0.001
102,1041.2166748046875,261.62744140625,103,10,10,0.001
103,1033.66259765625,259.5610656738281,104,10,10,0.001
104,1029.0618896484375,258.2524108886719,105,10,10,0.001
105,1026.7509765625,257.5379638671875,106,10,10,0.001
106,1026.0743408203125,257.253662109375,107,10,10,0.001
107,1026.3616943359375,257.2312316894531,108,10,10,0.001
108,1027.0250244140625,257.3236389160156,109,10,10,0.001
109,1027.58447265625,257.40985107421875,110,10,10,0.001
110,1027.6917724609375,257.4024963378906,111,10,10,0.001
111,1027.145263671875,257.2463073730469,112,10,10,0.001
112,1025.8577880859375,256.9228210449219,113,10,10,0.001
113,1023.8449096679688,256.4341125488281,114,10,10,0.001
114,1021.2117919921875,255.8043670654297,115,10,10,0.001
115,1018.1041259765625,255.06494140625,116,10,10,0.001
116,1014.6775512695312,254.2556610107422,117,10,10,0.001
117,1011.0903930664062,253.41542053222656,118,10,10,0.001
118,1007.509033203125,252.58035278320312,119,10,10,0.001
119,1004.0557861328125,251.78091430664062,120,10,10,0.001
120,1000.8059692382812,251.03468322753906,121,10,10,0.001
121,997.8045043945312,250.35157775878906,122,10,10,0.001
122,995.065185546875,249.7316436767578,123,10,10,0.001
123,992.569091796875,249.17092895507812,124,10,10,0.001
124,990.3146362304688,248.66763305664062,125,10,10,0.001
125,988.3013916015625,248.22044372558594,126,10,10,0.001
126,986.5065307617188,247.82167053222656,127,10,10,0.001
127,984.897216796875,247.46533203125,128,10,10,0.001
128,983.4287109375,247.1398468017578,129,10,10,0.001
129,982.0404663085938,246.82911682128906,130,10,10,0.001
130,980.6875,246.52169799804688,131,10,10,0.001
131,979.3330078125,246.20816040039062,132,10,10,0.001
132,977.9514770507812,245.88247680664062,133,10,10,0.001
133,976.4974365234375,245.53302001953125,134,10,10,0.001
134,974.926025390625,245.1478271484375,135,10,10,0.001
135,973.1982421875,244.7176971435547,136,10,10,0.001
136,971.302978515625,244.23936462402344,137,10,10,0.001
137,969.2522583007812,243.71710205078125,138,10,10,0.001
138,967.0668334960938,243.1553192138672,139,10,10,0.001
139,964.7570190429688,242.55819702148438,140,10,10,0.001
140,962.3421630859375,241.9319305419922,141,10,10,0.001
141,959.8389282226562,241.28091430664062,142,10,10,0.001
142,957.2899780273438,240.6144561767578,143,10,10,0.001
143,954.838134765625,239.96688842773438,144,10,10,0.001
144,952.5213012695312,239.35679626464844,145,10,10,0.001
145,950.2930908203125,238.7750244140625,146,10,10,0.001
146,948.0411987304688,238.19235229492188,147,10,10,0.001
147,945.673828125,237.58511352539062,148,10,10,0.001
148,943.1574096679688,236.9438018798828,149,10,10,0.001
149,940.4838256835938,236.26800537109375,150,10,10,0.001
150,937.6676025390625,235.56076049804688,151,10,10,0.001
151,934.7352905273438,234.82798767089844,152,10,10,0.001
152,931.728759765625,234.07835388183594,153,10,10,0.001
153,928.689697265625,233.3251495361328,154,10,10,0.001
154,925.6357421875,232.57391357421875,155,10,10,0.001
155,922.5942993164062,231.83106994628906,156,10,10,0.001
156,919.5718994140625,231.092041015625,157,10,10,0.001
157,916.5145263671875,230.34426879882812,158,10,10,0.001
158,913.3828125,229.5791473388672,159,10,10,0.001
159,910.1491088867188,228.78579711914062,160,10,10,0.001
160,906.7994995117188,227.95745849609375,161,10,10,0.001
161,903.314697265625,227.09194946289062,162,10,10,0.001
162,899.6731567382812,226.18405151367188,163,10,10,0.001
163,895.863037109375,225.2324676513672,164,10,10,0.001
164,891.8924560546875,224.2371368408203,165,10,10,0.001
165,887.787109375,223.20217895507812,166,10,10,0.001
166,883.5831909179688,222.13607788085938,167,10,10,0.001
167,879.298583984375,221.05447387695312,168,10,10,0.001
168,874.9521484375,219.96115112304688,169,10,10,0.001
169,870.5742797851562,218.8642120361328,170,10,10,0.001
170,866.1967163085938,217.7679901123047,171,10,10,0.001
171,861.8265380859375,216.6710968017578,172,10,10,0.001
172,857.5003662109375,215.5823516845703,173,10,10,0.001
173,853.1436767578125,214.489501953125,174,10,10,0.001
174,848.7705688476562,213.39410400390625,175,10,10,0.001
175,844.3407592773438,212.28900146484375,176,10,10,0.001
176,839.8286743164062,211.16885375976562,177,10,10,0.001
177,835.227294921875,210.03367614746094,178,10,10,0.001
178,830.5321044921875,208.8785858154297,179,10,10,0.001
179,825.7794799804688,207.7124481201172,180,10,10,0.001
180,820.943115234375,206.52783203125,181,10,10,0.001
181,816.0172119140625,205.32200622558594,182,10,10,0.001
182,811.0088500976562,204.0907440185547,183,10,10,0.001
183,805.9535522460938,202.84353637695312,184,10,10,0.001
184,800.928466796875,201.59515380859375,185,10,10,0.001
185,795.9676513671875,200.3527069091797,186,10,10,0.001
186,791.1153564453125,199.13221740722656,187,10,10,0.001
187,786.435546875,197.96083068847656,188,10,10,0.001
188,781.878662109375,196.82443237304688,189,10,10,0.001
189,777.4717407226562,195.73379516601562,190,10,10,0.001
190,773.2123413085938,194.68113708496094,191,10,10,0.001
191,769.0745239257812,193.66250610351562,192,10,10,0.001
192,765.0346069335938,192.66004943847656,193,10,10,0.001
193,761.0654296875,191.67115783691406,194,10,10,0.001
194,757.1560668945312,190.69686889648438,195,10,10,0.001
195,753.2891845703125,189.73614501953125,196,10,10,0.001
196,749.4483642578125,188.78309631347656,197,10,10,0.001
197,745.625,187.83535766601562,198,10,10,0.001
198,741.8014526367188,186.89332580566406,199,10,10,0.001
199,737.9649658203125,185.9530792236328,200,10,10,0.001
200,734.1348266601562,185.01547241210938,201,10,10,0.001
201,730.3505859375,184.0821990966797,202,10,10,0.001
202,726.642333984375,183.1683349609375,203,10,10,0.001
203,723.0355224609375,182.28282165527344,204,10,10,0.001
204,719.5314331054688,181.42662048339844,205,10,10,0.001
205,716.13232421875,180.59884643554688,206,10,10,0.001
206,712.8128051757812,179.7885284423828,207,10,10,0.001
207,709.5514526367188,178.98739624023438,208,10,10,0.001
208,706.3522338867188,178.1964111328125,209,10,10,0.001
209,703.259765625,177.43023681640625,210,10,10,0.001
210,700.2279052734375,176.6778106689453,211,10,10,0.001
211,697.240234375,175.93161010742188,212,10,10,0.001
212,694.296630859375,175.1940460205078,213,10,10,0.001
213,691.3868408203125,174.46641540527344,214,10,10,0.001
214,688.4943237304688,173.74594116210938,215,10,10,0.001
215,685.61181640625,173.03018188476562,216,10,10,0.001
216,682.7382202148438,172.32037353515625,217,10,10,0.001
217,679.880859375,171.61268615722656,218,10,10,0.001
218,677.0394287109375,170.90782165527344,219,10,10,0.001
219,674.2180786132812,170.20452880859375,220,10,10,0.001
220,671.4139404296875,169.50135803222656,221,10,10,0.001
221,668.6255493164062,168.79527282714844,222,10,10,0.001
222,665.8408203125,168.08726501464844,223,10,10,0.001
223,663.0582885742188,167.378662109375,224,10,10,0.001
224,660.283447265625,166.67071533203125,225,10,10,0.001
225,657.5106201171875,165.96141052246094,226,10,10,0.001
226,654.73193359375,165.25228881835938,227,10,10,0.001
227,651.9442138671875,164.5360870361328,228,10,10,0.001
228,649.14794921875,163.8056640625,229,10,10,0.001
229,646.3416748046875,163.06832885742188,230,10,10,0.001
230,643.5096435546875,162.3248748779297,231,10,10,0.001
231,640.6668090820312,161.5870819091797,232,10,10,0.001
232,637.8470458984375,160.85975646972656,233,10,10,0.001
233,635.11474609375,160.1536102294922,234,10,10,0.001
234,632.4644165039062,159.46568298339844,235,10,10,0.001
235,629.8214111328125,158.7805633544922,236,10,10,0.001
236,627.2178344726562,158.10617065429688,237,10,10,0.001
237,624.703857421875,157.4532928466797,238,10,10,0.001
238,622.259033203125,156.82229614257812,239,10,10,0.001
239,619.843505859375,156.20750427246094,240,10,10,0.001
240,617.4534912109375,155.60267639160156,241,10,10,0.001
241,615.0806884765625,155.0079345703125,242,10,10,0.001
242,612.724365234375,154.4192657470703,243,10,10,0.001
243,610.375732421875,153.83251953125,244,10,10,0.001
244,608.025634765625,153.24298095703125,245,10,10,0.001
245,605.7091064453125,152.65602111816406,246,10,10,0.001
246,603.4163208007812,152.0687713623047,247,10,10,0.001
247,601.1506958007812,151.4911346435547,248,10,10,0.001
248,598.9110717773438,150.92515563964844,249,10,10,0.001
249,596.67431640625,150.36257934570312,250,10,10,0.001
250,594.4345092773438,149.80287170410156,251,10,10,0.001
251,592.2044067382812,149.2482147216797,252,10,10,0.001
252,589.99609375,148.69757080078125,253,10,10,0.001
253,587.8162841796875,148.1510009765625,254,10,10,0.001
254,585.662353515625,147.61048889160156,255,10,10,0.001
255,583.5428466796875,147.0778045654297,256,10,10,0.001
256,581.4586791992188,146.5548858642578,257,10,10,0.001
257,579.417724609375,146.04176330566406,258,10,10,0.001
258,577.4351806640625,145.5438995361328,259,10,10,0.001
259,575.4915771484375,145.05584716796875,260,10,10,0.001
260,573.587158203125,144.58169555664062,261,10,10,0.001
261,571.7169799804688,144.11534118652344,262,10,10,0.001
262,569.8649291992188,143.65016174316406,263,10,10,0.001
263,568.016357421875,143.1802978515625,264,10,10,0.001
264,566.1693115234375,142.70726013183594,265,10,10,0.001
265,564.3192749023438,142.2333526611328,266,10,10,0.001
266,562.49169921875,141.7653045654297,267,10,10,0.001
267,560.6318359375,141.28936767578125,268,10,10,0.001
268,558.7916259765625,140.81906127929688,269,10,10,0.001
269,556.9524536132812,140.34783935546875,270,10,10,0.001
270,555.1179809570312,139.8775177001953,271,10,10,0.001
271,553.2913208007812,139.4066619873047,272,10,10,0.001
272,551.48046875,138.94027709960938,273,10,10,0.001
273,549.6841430664062,138.48240661621094,274,10,10,0.001
274,547.9027709960938,138.03067016601562,275,10,10,0.001
275,546.1149291992188,137.58251953125,276,10,10,0.001
276,544.3422241210938,137.1368865966797,277,10,10,0.001
277,542.5794067382812,136.68893432617188,278,10,10,0.001
278,540.826904296875,136.24200439453125,279,10,10,0.001
279,539.080078125,135.79608154296875,280,10,10,0.001
280,537.3320922851562,135.34715270996094,281,10,10,0.001
281,535.5858154296875,134.8976593017578,282,10,10,0.001
282,533.8482666015625,134.44857788085938,283,10,10,0.001
283,532.1185302734375,134.00320434570312,284,10,10,0.001
284,530.38818359375,133.56005859375,285,10,10,0.001
285,528.6582641601562,133.11630249023438,286,10,10,0.001
286,526.9290771484375,132.67047119140625,287,10,10,0.001
287,525.2033081054688,132.22525024414062,288,10,10,0.001
288,523.488037109375,131.78604125976562,289,10,10,0.001
289,521.7850341796875,131.35321044921875,290,10,10,0.001
290,520.1000366210938,130.92613220214844,291,10,10,0.001
291,518.4295654296875,130.50341796875,292,10,10,0.001
292,516.7703247070312,130.085693359375,293,10,10,0.001
293,515.12109375,129.67127990722656,294,10,10,0.001
294,513.482666015625,129.2595672607422,295,10,10,0.001
295,511.8625793457031,128.8532257080078,296,10,10,0.001
296,510.260498046875,128.45306396484375,297,10,10,0.001
297,508.67340087890625,128.0565643310547,298,10,10,0.001
298,507.09027099609375,127.66004943847656,299,10,10,0.001
299,505.49468994140625,127.2590103149414,300,10,10,0.001
300,503.86846923828125,126.85133361816406,301,10,10,0.001
301,502.2070617675781,126.43528747558594,302,10,10,0.001
302,500.5207824707031,126.01238250732422,303,10,10,0.001
303,498.8013000488281,125.58565521240234,304,10,10,0.001
304,497.0724792480469,125.1554946899414,305,10,10,0.001
305,495.3472900390625,124.72430419921875,306,10,10,0.001
306,493.6263732910156,124.29069519042969,307,10,10,0.001
307,491.9233703613281,123.8598861694336,308,10,10,0.001
308,490.2611389160156,123.43844604492188,309,10,10,0.001
309,488.63995361328125,123.02601623535156,310,10,10,0.001
310,487.05072021484375,122.62285614013672,311,10,10,0.001
311,485.48358154296875,122.22724151611328,312,10,10,0.001
312,483.946044921875,121.83847045898438,313,10,10,0.001
313,482.4305114746094,121.45172882080078,314,10,10,0.001
314,480.9256591796875,121.06636810302734,315,10,10,0.001
315,479.439208984375,120.68123626708984,316,10,10,0.001
316,477.9814147949219,120.29869079589844,317,10,10,0.001
317,476.5569152832031,119.92182922363281,318,10,10,0.001
318,475.173095703125,119.55300903320312,319,10,10,0.001
319,473.833984375,119.19596862792969,320,10,10,0.001
320,472.5419006347656,118.85061645507812,321,10,10,0.001
321,471.2896423339844,118.51740264892578,322,10,10,0.001
322,470.0682373046875,118.1937255859375,323,10,10,0.001
323,468.8676452636719,117.87771606445312,324,10,10,0.001
324,467.6862487792969,117.56914520263672,325,10,10,0.001
325,466.5277404785156,117.26860046386719,326,10,10,0.001
326,465.396728515625,116.97517395019531,327,10,10,0.001
327,464.298583984375,116.68917083740234,328,10,10,0.001
328,463.2294006347656,116.40682983398438,329,10,10,0.001
329,462.1940002441406,116.12979125976562,330,10,10,0.001
330,461.18292236328125,115.85668182373047,331,10,10,0.001
331,460.1932678222656,115.58708953857422,332,10,10,0.001
332,459.2220458984375,115.32173156738281,333,10,10,0.001
333,458.2701416015625,115.05941009521484,334,10,10,0.001
334,457.33929443359375,114.8001937866211,335,10,10,0.001
335,456.43255615234375,114.54519653320312,336,10,10,0.001
336,455.5548400878906,114.29750061035156,337,10,10,0.001
337,454.6998291015625,114.05797576904297,338,10,10,0.001
338,453.8628234863281,113.82707214355469,339,10,10,0.001
339,453.03369140625,113.60063171386719,340,10,10,0.001
340,452.21697998046875,113.37681579589844,341,10,10,0.001
341,451.41790771484375,113.15637969970703,342,10,10,0.001
342,450.634033203125,112.94396209716797,343,10,10,0.001
343,449.8662414550781,112.73875427246094,344,10,10,0.001
344,449.1102294921875,112.53426361083984,345,10,10,0.001
345,448.3636474609375,112.32808685302734,346,10,10,0.001
346,447.6270446777344,112.12015533447266,347,10,10,0.001
347,446.8977355957031,111.91793823242188,348,10,10,0.001
348,446.1759948730469,111.72125244140625,349,10,10,0.001
349,445.4621276855469,111.52652740478516,350,10,10,0.001
350,444.755859375,111.33100891113281,351,10,10,0.001
351,444.0562438964844,111.14061737060547,352,10,10,0.001
352,443.36090087890625,110.95262908935547,353,10,10,0.001
353,442.66998291015625,110.76456451416016,354,10,10,0.001
354,441.9833984375,110.5782470703125,355,10,10,0.001
355,441.3025207519531,110.39495849609375,356,10,10,0.001
356,440.6239013671875,110.21517944335938,357,10,10,0.001
357,439.9483642578125,110.0331802368164,358,10,10,0.001
358,439.3121032714844,109.85321807861328,359,10,10,0.001
359,438.61456298828125,109.66498565673828,360,10,10,0.001
360,437.939697265625,109.49030303955078,361,10,10,0.001
361,437.2780456542969,109.31603240966797,362,10,10,0.001
362,436.61474609375,109.12821960449219,363,10,10,0.001
363,435.9534912109375,108.94947814941406,364,10,10,0.001
364,435.29296875,108.77960205078125,365,10,10,0.001
365,434.63079833984375,108.60331726074219,366,10,10,0.001
366,433.9704895019531,108.42407989501953,367,10,10,0.001
367,433.3092346191406,108.25089263916016,368,10,10,0.001
368,432.6490783691406,108.07952117919922,369,10,10,0.001
369,431.986572265625,107.89720916748047,370,10,10,0.001
370,431.3239440917969,107.72090148925781,371,10,10,0.001
371,430.6615295410156,107.54889678955078,372,10,10,0.001
372,429.99334716796875,107.365966796875,373,10,10,0.001
373,429.3271484375,107.18523406982422,374,10,10,0.001
374,428.65625,107.011474609375,375,10,10,0.001
375,427.98370361328125,106.83352661132812,376,10,10,0.001
376,427.305419921875,106.6513900756836,377,10,10,0.001
377,426.6233215332031,106.46768188476562,378,10,10,0.001
378,425.9388427734375,106.28384399414062,379,10,10,0.001
379,425.2661437988281,106.10466766357422,380,10,10,0.001
380,424.59857177734375,105.92720031738281,381,10,10,0.001
381,423.92327880859375,105.74761962890625,382,10,10,0.001
382,423.23992919921875,105.56578826904297,383,10,10,0.001
383,422.54736328125,105.38371276855469,384,10,10,0.001
384,421.84539794921875,105.20291137695312,385,10,10,0.001
385,421.13330078125,105.02474212646484,386,10,10,0.001
386,420.4047546386719,104.84364318847656,387,10,10,0.001
387,419.6606140136719,104.65740203857422,388,10,10,0.001
388,418.8995361328125,104.47074890136719,389,10,10,0.001
389,418.12786865234375,104.28394317626953,390,10,10,0.001
390,417.34521484375,104.08831787109375,391,10,10,0.001
391,416.5462341308594,103.89375305175781,392,10,10,0.001
392,415.7314453125,103.70211791992188,393,10,10,0.001
393,414.9018859863281,103.50426483154297,394,10,10,0.001
394,414.064208984375,103.30615997314453,395,10,10,0.001
395,413.2164306640625,103.10751342773438,396,10,10,0.001
396,412.35400390625,102.89884948730469,397,10,10,0.001
397,411.4783020019531,102.68428802490234,398,10,10,0.001
398,410.5859375,102.47369384765625,399,10,10,0.001
399,409.6743469238281,102.2572021484375,400,10,10,0.001
400,408.73968505859375,102.03638458251953,401,10,10,0.001
401,407.7765197753906,101.81340789794922,402,10,10,0.001
402,406.786865234375,101.57744598388672,403,10,10,0.001
403,405.77789306640625,101.33851623535156,404,10,10,0.001
404,404.7436828613281,101.093505859375,405,10,10,0.001
405,403.6839599609375,100.84857177734375,406,10,10,0.001
406,402.59649658203125,100.59431457519531,407,10,10,0.001
407,401.4837646484375,100.32967376708984,408,10,10,0.001
408,400.3441162109375,100.05780029296875,409,10,10,0.001
409,399.17138671875,99.7877197265625,410,10,10,0.001
410,397.96685791015625,99.50533294677734,411,10,10,0.001
411,396.7308349609375,99.22621154785156,412,10,10,0.001
412,395.4620361328125,98.93719482421875,413,10,10,0.001
413,394.15496826171875,98.61966705322266,414,10,10,0.001
414,392.819091796875,98.30735778808594,415,10,10,0.001
415,391.4471740722656,97.99823760986328,416,10,10,0.001
416,390.04071044921875,97.66352844238281,417,10,10,0.001
417,388.6073303222656,97.32662200927734,418,10,10,0.001
418,387.1395568847656,96.98516845703125,419,10,10,0.001
419,385.6363525390625,96.60992431640625,420,10,10,0.001
420,384.1415710449219,96.25394439697266,421,10,10,0.001
421,382.62957763671875,95.87252807617188,422,10,10,0.001
422,381.09271240234375,95.50032043457031,423,10,10,0.001
423,379.52056884765625,95.11937713623047,424,10,10,0.001
424,377.9122314453125,94.71623992919922,425,10,10,0.001
425,376.2693176269531,94.33138275146484,426,10,10,0.001
426,374.59765625,93.89842987060547,427,10,10,0.001
427,372.91241455078125,93.52407836914062,428,10,10,0.001
428,371.2334289550781,93.06730651855469,429,10,10,0.001
429,369.6017761230469,92.75657653808594,430,10,10,0.001
430,368.13116455078125,92.28055572509766,431,10,10,0.001
431,366.6033020019531,92.06920623779297,432,10,10,0.001
432,364.9150085449219,91.51466369628906,433,10,10,0.001
433,363.1341247558594,91.17363739013672,434,10,10,0.001
434,361.640869140625,90.82550811767578,435,10,10,0.001
435,360.36029052734375,90.43737030029297,436,10,10,0.001
436,358.9172058105469,90.22020721435547,437,10,10,0.001
437,357.248291015625,89.70943450927734,438,10,10,0.001
438,355.6780700683594,89.36817932128906,439,10,10,0.001
439,354.3728942871094,89.09947204589844,440,10,10,0.001
440,353.11639404296875,88.69522857666016,441,10,10,0.001
441,351.70208740234375,88.46391296386719,442,10,10,0.001
442,350.1397705078125,88.0022964477539,443,10,10,0.001
443,348.7028503417969,87.67687225341797,444,10,10,0.001
444,347.49749755859375,87.42037963867188,445,10,10,0.001
445,346.38323974609375,87.05745697021484,446,10,10,0.001
446,345.1473693847656,86.8626937866211,447,10,10,0.001
447,343.71942138671875,86.41089630126953,448,10,10,0.001
448,342.2833251953125,86.12237548828125,449,10,10,0.001
449,341.0008239746094,85.80055236816406,450,10,10,0.001
450,339.8739013671875,85.49508666992188,451,10,10,0.001
451,338.83642578125,85.31661987304688,452,10,10,0.001
452,337.79571533203125,84.97527313232422,453,10,10,0.001
453,336.71783447265625,84.81455993652344,454,10,10,0.001
454,335.4720153808594,84.42179870605469,455,10,10,0.001
455,334.2039794921875,84.18264770507812,456,10,10,0.001
456,333.06536865234375,83.88174438476562,457,10,10,0.001
457,332.1109924316406,83.63966369628906,458,10,10,0.001
458,331.2767333984375,83.48408508300781,459,10,10,0.001
459,330.5118103027344,83.2353286743164,460,10,10,0.001
460,329.8728942871094,83.17611694335938,461,10,10,0.001
461,329.105712890625,82.88324737548828,462,10,10,0.001
462,328.17633056640625,82.76565551757812,463,10,10,0.001
463,326.7315979003906,82.33573150634766,464,10,10,0.001
464,325.3658142089844,82.04114532470703,465,10,10,0.001
465,324.44818115234375,81.81130981445312,466,10,10,0.001
466,323.9219055175781,81.64783477783203,467,10,10,0.001
467,323.6052551269531,81.60028076171875,468,10,10,0.001
468,323.0682067871094,81.41136932373047,469,10,10,0.001
469,322.0805358886719,81.18196868896484,470,10,10,0.001
470,320.53643798828125,80.77619171142578,471,10,10,0.001
471,319.5240173339844,80.51180267333984,472,10,10,0.001
472,319.280029296875,80.42227172851562,473,10,10,0.001
473,319.1067810058594,80.38580322265625,474,10,10,0.001
474,318.49078369140625,80.18130493164062,475,10,10,0.001
475,317.2679443359375,79.89743041992188,476,10,10,0.001
476,316.37457275390625,79.6498794555664,477,10,10,0.001
477,316.10888671875,79.54671478271484,478,10,10,0.001
478,316.0360107421875,79.5553970336914,479,10,10,0.001
479,315.7564697265625,79.4009780883789,480,10,10,0.001
480,314.8018493652344,79.20878601074219,481,10,10,0.001
481,313.81182861328125,78.89891052246094,482,10,10,0.001
482,313.2205810546875,78.73632049560547,483,10,10,0.001
483,313.044921875,78.70220184326172,484,10,10,0.001
484,312.8914794921875,78.58647918701172,485,10,10,0.001
485,312.3330383300781,78.49063110351562,486,10,10,0.001
486,311.53076171875,78.21771240234375,487,10,10,0.001
487,310.7543640136719,78.03099822998047,488,10,10,0.001
488,310.3763732910156,77.9271469116211,489,10,10,0.001
489,310.21856689453125,77.832275390625,490,10,10,0.001
490,309.8704528808594,77.78162384033203,491,10,10,0.001
491,309.22412109375,77.55310821533203,492,10,10,0.001
492,308.4775085449219,77.38800048828125,493,10,10,0.001
493,307.8816833496094,77.21133422851562,494,10,10,0.001
494,307.5203552246094,77.09367370605469,495,10,10,0.001
495,307.2930908203125,77.05989074707031,496,10,10,0.001
496,307.06842041015625,76.94556427001953,497,10,10,0.001
497,306.6117858886719,76.86839294433594,498,10,10,0.001
498,305.96929931640625,76.65280151367188,499,10,10,0.001
499,305.2541198730469,76.49092864990234,500,10,10,0.001
500,304.6947326660156,76.32963562011719,501,10,10,0.001
501,304.3194580078125,76.22030639648438,502,10,10,0.001
502,304.0150146484375,76.15361022949219,503,10,10,0.001
503,303.705078125,76.0480728149414,504,10,10,0.001
504,303.26629638671875,75.95201873779297,505,10,10,0.001
505,302.75640869140625,75.79821014404297,506,10,10,0.001
506,302.1976013183594,75.66854858398438,507,10,10,0.001
507,301.6825866699219,75.52378845214844,508,10,10,0.001
508,301.2333068847656,75.40943145751953,509,10,10,0.001
509,300.8468017578125,75.31269836425781,510,10,10,0.001
510,300.51226806640625,75.21572875976562,511,10,10,0.001
511,300.22320556640625,75.1549072265625,512,10,10,0.001
512,299.9806213378906,75.07470703125,513,10,10,0.001
513,299.76959228515625,75.03829956054688,514,10,10,0.001
514,299.59844970703125,74.97286987304688,515,10,10,0.001
515,299.2812194824219,74.9101333618164,516,10,10,0.001
516,298.8321533203125,74.77117919921875,517,10,10,0.001
517,298.066650390625,74.59101867675781,518,10,10,0.001
518,297.32305908203125,74.38497161865234,519,10,10,0.001
519,296.77935791015625,74.2512435913086,520,10,10,0.001
520,296.4896240234375,74.18058776855469,521,10,10,0.001
521,296.314208984375,74.12525177001953,522,10,10,0.001
522,296.0677490234375,74.07894897460938,523,10,10,0.001
523,295.6739196777344,73.96105194091797,524,10,10,0.001
524,295.08135986328125,73.82821655273438,525,10,10,0.001
525,294.4940185546875,73.66609191894531,526,10,10,0.001
526,294.0165100097656,73.54808044433594,527,10,10,0.001
527,293.67718505859375,73.46328735351562,528,10,10,0.001
528,293.4087219238281,73.3824691772461,529,10,10,0.001
529,293.1077575683594,73.31851959228516,530,10,10,0.001
530,292.7394714355469,73.20887756347656,531,10,10,0.001
531,292.2436828613281,73.09608459472656,532,10,10,0.001
532,291.72454833984375,72.9532699584961,533,10,10,0.001
533,291.2403259277344,72.83677673339844,534,10,10,0.001
534,290.8231506347656,72.73272705078125,535,10,10,0.001
535,290.4613952636719,72.64057922363281,536,10,10,0.001
536,290.1114501953125,72.56001281738281,537,10,10,0.001
537,289.7502136230469,72.464599609375,538,10,10,0.001
538,289.340087890625,72.37018585205078,539,10,10,0.001
539,288.9092712402344,72.26043701171875,540,10,10,0.001
540,288.4415283203125,72.14936065673828,541,10,10,0.001
541,287.9694519042969,72.03248596191406,542,10,10,0.001
542,287.5072937011719,71.92181396484375,543,10,10,0.001
543,287.0656433105469,71.81517028808594,544,10,10,0.001
544,286.6445617675781,71.71405029296875,545,10,10,0.001
545,286.24176025390625,71.61883544921875,546,10,10,0.001
546,285.8567810058594,71.52670288085938,547,10,10,0.001
547,285.496826171875,71.4438247680664,548,10,10,0.001
548,285.16265869140625,71.3622055053711,549,10,10,0.001
549,284.8447265625,71.29130554199219,550,10,10,0.001
550,284.5928955078125,71.21926879882812,551,10,10,0.001
551,284.337890625,71.16854095458984,552,10,10,0.001
552,284.1501770019531,71.10624694824219,553,10,10,0.001
553,283.66168212890625,70.99433898925781,554,10,10,0.001
554,283.0562744140625,70.83323669433594,555,10,10,0.001
555,282.21630859375,70.62699127197266,556,10,10,0.001
556,281.4856262207031,70.44085693359375,557,10,10,0.001
557,281.02593994140625,70.32608795166016,558,10,10,0.001
558,280.7906494140625,70.27337646484375,559,10,10,0.001
559,280.6365051269531,70.22564697265625,560,10,10,0.001
560,280.3427429199219,70.16390991210938,561,10,10,0.001
561,279.9111633300781,70.04292297363281,562,10,10,0.001
562,279.2984924316406,69.90351104736328,563,10,10,0.001
563,278.7311706542969,69.74702453613281,564,10,10,0.001
564,278.2794189453125,69.63570404052734,565,10,10,0.001
565,277.94183349609375,69.54878234863281,566,10,10,0.001
566,277.67694091796875,69.46229553222656,567,10,10,0.001
567,277.41595458984375,69.40750122070312,568,10,10,0.001
568,277.1024475097656,69.28456115722656,569,10,10,0.001
569,276.718505859375,69.20558166503906,570,10,10,0.001
570,276.3037414550781,69.0491943359375,571,10,10,0.001
571,275.8697814941406,68.9434814453125,572,10,10,0.001
572,275.4675598144531,68.80526733398438,573,10,10,0.001
573,275.1041564941406,68.69937133789062,574,10,10,0.001
574,274.762939453125,68.60264587402344,575,10,10,0.001
575,274.4452209472656,68.49237060546875,576,10,10,0.001
576,274.1556701660156,68.42070770263672,577,10,10,0.001
577,273.9206848144531,68.32648468017578,578,10,10,0.001
578,273.73236083984375,68.29478454589844,579,10,10,0.001
579,273.6828308105469,68.23634338378906,580,10,10,0.001
580,273.7247619628906,68.27684783935547,581,10,10,0.001
581,274.2955322265625,68.35832214355469,582,10,10,0.001
582,274.7051086425781,68.50852966308594,583,10,10,0.001
583,275.09747314453125,68.53543090820312,584,10,10,0.001
584,273.39630126953125,68.15874481201172,585,10,10,0.001
585,271.7801513671875,67.7153091430664,586,10,10,0.001
586,271.2206115722656,67.58452606201172,587,10,10,0.001
587,271.79962158203125,67.7507095336914,588,10,10,0.001
588,272.45904541015625,67.86820220947266,589,10,10,0.001
589,271.39202880859375,67.65245056152344,590,10,10,0.001
590,270.24798583984375,67.35088348388672,591,10,10,0.001
591,269.8843994140625,67.2698974609375,592,10,10,0.001
592,270.3103942871094,67.3879623413086,593,10,10,0.001
593,270.6249694824219,67.43623352050781,594,10,10,0.001
594,269.7373046875,67.24464416503906,595,10,10,0.001
595,268.87481689453125,67.02352142333984,596,10,10,0.001
596,268.7318115234375,66.98239135742188,597,10,10,0.001
597,268.984619140625,67.0520248413086,598,10,10,0.001
598,268.9444580078125,67.01665496826172,599,10,10,0.001
599,268.194091796875,66.85041809082031,600,10,10,0.001
600,267.672607421875,66.71632385253906,601,10,10,0.001
601,267.6588439941406,66.7037582397461,602,10,10,0.001
602,267.689208984375,66.7216796875,603,10,10,0.001
603,267.4627990722656,66.64542388916016,604,10,10,0.001
604,266.91094970703125,66.52700805664062,605,10,10,0.001
605,266.54937744140625,66.43345642089844,606,10,10,0.001
606,266.4511413574219,66.40186309814453,607,10,10,0.001
607,266.3960876464844,66.39332580566406,608,10,10,0.001
608,266.1990966796875,66.32504272460938,609,10,10,0.001
609,265.8100891113281,66.24407196044922,610,10,10,0.001
610,265.4897155761719,66.15377044677734,611,10,10,0.001
611,265.29840087890625,66.10030364990234,612,10,10,0.001
612,265.18768310546875,66.07701873779297,613,10,10,0.001
613,265.07562255859375,66.02818298339844,614,10,10,0.001
614,264.8561096191406,65.98960876464844,615,10,10,0.001
615,264.56719970703125,65.89986419677734,616,10,10,0.001
616,264.2834777832031,65.83828735351562,617,10,10,0.001
617,264.0657653808594,65.78080749511719,618,10,10,0.001
618,263.90606689453125,65.73390197753906,619,10,10,0.001
619,263.75933837890625,65.70722961425781,620,10,10,0.001
620,263.5943603515625,65.6498031616211,621,10,10,0.001
621,263.3831787109375,65.61132049560547,622,10,10,0.001
622,263.143798828125,65.53776550292969,623,10,10,0.001
623,262.92327880859375,65.488525390625,624,10,10,0.001
624,262.73089599609375,65.43647003173828,625,10,10,0.001
625,262.5667724609375,65.38816833496094,626,10,10,0.001
626,262.42041015625,65.35913848876953,627,10,10,0.001
627,262.2711486816406,65.3040542602539,628,10,10,0.001
628,262.0977478027344,65.27487182617188,629,10,10,0.001
629,261.90753173828125,65.20783233642578,630,10,10,0.001
630,261.702392578125,65.16869354248047,631,10,10,0.001
631,261.5070495605469,65.10559844970703,632,10,10,0.001
632,261.3172302246094,65.06553649902344,633,10,10,0.001
633,261.137451171875,65.01102447509766,634,10,10,0.001
634,260.95928955078125,64.97056579589844,635,10,10,0.001
635,260.7837829589844,64.9207763671875,636,10,10,0.001
636,260.6112060546875,64.87804412841797,637,10,10,0.001
637,260.4416809082031,64.83364868164062,638,10,10,0.001
638,260.27545166015625,64.78907012939453,639,10,10,0.001
639,260.11529541015625,64.75139617919922,640,10,10,0.001
640,259.9632568359375,64.70513916015625,641,10,10,0.001
641,259.82281494140625,64.67813873291016,642,10,10,0.001
642,259.68902587890625,64.62952423095703,643,10,10,0.001
643,259.55303955078125,64.61002349853516,644,10,10,0.001
644,259.4371337890625,64.55915832519531,645,10,10,0.001
645,259.3218994140625,64.55175018310547,646,10,10,0.001
646,259.21575927734375,64.4953384399414,647,10,10,0.001
647,259.1036071777344,64.49576568603516,648,10,10,0.001
648,258.977294921875,64.4306640625,649,10,10,0.001
649,258.81695556640625,64.4233169555664,650,10,10,0.001
650,258.632568359375,64.34386444091797,651,10,10,0.001
651,258.38507080078125,64.31387329101562,652,10,10,0.001
652,258.1126708984375,64.22026824951172,653,10,10,0.001
653,257.82098388671875,64.16879272460938,654,10,10,0.001
654,257.5316162109375,64.08221435546875,655,10,10,0.001
655,257.2716064453125,64.02700805664062,656,10,10,0.001
656,257.0420227050781,63.967315673828125,657,10,10,0.001
657,256.8410949707031,63.912384033203125,658,10,10,0.001
658,256.6507873535156,63.87260055541992,659,10,10,0.001
659,256.45086669921875,63.812164306640625,660,10,10,0.001
660,256.20758056640625,63.76600646972656,661,10,10,0.001
661,255.9381103515625,63.689998626708984,662,10,10,0.001
662,255.62403869628906,63.62928771972656,663,10,10,0.001
663,255.2920379638672,63.541229248046875,664,10,10,0.001
664,254.9403839111328,63.46742248535156,665,10,10,0.001
665,254.5823516845703,63.37657165527344,666,10,10,0.001
666,254.2185821533203,63.289093017578125,667,10,10,0.001
667,253.85255432128906,63.20881271362305,668,10,10,0.001
668,253.49380493164062,63.115264892578125,669,10,10,0.001
669,253.13372802734375,63.046165466308594,670,10,10,0.001
670,252.82290649414062,62.94694519042969,671,10,10,0.001
671,252.5334930419922,62.90906524658203,672,10,10,0.001
672,252.32049560546875,62.82175064086914,673,10,10,0.001
673,252.12432861328125,62.82737731933594,674,10,10,0.001
674,252.08639526367188,62.765254974365234,675,10,10,0.001
675,251.66622924804688,62.73561477661133,676,10,10,0.001
676,251.15771484375,62.54029846191406,677,10,10,0.001
677,249.92578125,62.30426025390625,678,10,10,0.001
678,248.7457733154297,61.98052978515625,679,10,10,0.001
679,247.94447326660156,61.804847717285156,680,10,10,0.001
680,247.63043212890625,61.74639129638672,681,10,10,0.001
681,247.48873901367188,61.68964385986328,682,10,10,0.001
682,246.9402618408203,61.60993194580078,683,10,10,0.001
683,246.0537567138672,61.37058639526367,684,10,10,0.001
684,245.1414031982422,61.17494583129883,685,10,10,0.001
685,244.57936096191406,61.04261016845703,686,10,10,0.001
686,244.2425537109375,60.9481201171875,687,10,10,0.001
687,243.78463745117188,60.866920471191406,688,10,10,0.001
688,243.04739379882812,60.67182540893555,689,10,10,0.001
689,242.2177276611328,60.492454528808594,690,10,10,0.001
690,241.60345458984375,60.34400177001953,691,10,10,0.001
691,241.13845825195312,60.22356414794922,692,10,10,0.001
692,240.52456665039062,60.105377197265625,693,10,10,0.001
693,239.7197265625,59.89842224121094,694,10,10,0.001
694,238.92706298828125,59.71469497680664,695,10,10,0.001
695,238.27920532226562,59.56224060058594,696,10,10,0.001
696,237.61883544921875,59.38276672363281,697,10,10,0.001
697,236.79978942871094,59.21232604980469,698,10,10,0.001
698,235.96884155273438,59.007205963134766,699,10,10,0.001
699,235.21710205078125,58.82389831542969,700,10,10,0.001
700,234.4390869140625,58.647705078125,701,10,10,0.001
701,233.55377197265625,58.422645568847656,702,10,10,0.001
702,232.67703247070312,58.215599060058594,703,10,10,0.001
703,231.84812927246094,58.03351593017578,704,10,10,0.001
704,230.90054321289062,57.799560546875,705,10,10,0.001
705,229.89942932128906,57.567569732666016,706,10,10,0.001
706,228.93600463867188,57.342926025390625,707,10,10,0.001
707,227.93753051757812,57.10243606567383,708,10,10,0.001
708,226.8401336669922,56.8589973449707,709,10,10,0.001
709,225.71949768066406,56.59824752807617,710,10,10,0.001
710,224.5869598388672,56.32765197753906,711,10,10,0.001
711,223.373779296875,56.05069351196289,712,10,10,0.001
712,222.07781982421875,55.747276306152344,713,10,10,0.001
713,220.7645721435547,55.444034576416016,714,10,10,0.001
714,219.39114379882812,55.14311599731445,715,10,10,0.001
715,217.9256591796875,54.79835891723633,716,10,10,0.001
716,216.41848754882812,54.444366455078125,717,10,10,0.001
717,214.84600830078125,54.072608947753906,718,10,10,0.001
718,213.17514038085938,53.67650604248047,719,10,10,0.001
719,211.44189453125,53.264869689941406,720,10,10,0.001
720,209.63597106933594,52.829627990722656,721,10,10,0.001
721,207.6971435546875,52.36494445800781,722,10,10,0.001
722,205.61488342285156,51.871742248535156,723,10,10,0.001
723,203.43658447265625,51.339927673339844,724,10,10,0.001
724,201.07089233398438,50.773826599121094,725,10,10,0.001
725,198.57440185546875,50.16282272338867,726,10,10,0.001
726,196.070068359375,49.554115295410156,727,10,10,0.001
727,193.68682861328125,48.98533248901367,728,10,10,0.001
728,191.46495056152344,48.44560241699219,729,10,10,0.001
729,189.31253051757812,47.91534423828125,730,10,10,0.001
730,187.12698364257812,47.38274383544922,731,10,10,0.001
731,184.86241149902344,46.83021545410156,732,10,10,0.001
732,182.51885986328125,46.26588439941406,733,10,10,0.001
733,180.08824157714844,45.667972564697266,734,10,10,0.001
734,177.55416870117188,45.04326629638672,735,10,10,0.001
735,174.9158172607422,44.39570999145508,736,10,10,0.001
736,172.16143798828125,43.72003173828125,737,10,10,0.001
737,169.267578125,42.99884796142578,738,10,10,0.001
738,166.26031494140625,42.250648498535156,739,10,10,0.001
739,163.14015197753906,41.46651077270508,740,10,10,0.001
740,159.89242553710938,40.64793395996094,741,10,10,0.001
741,156.478271484375,39.797691345214844,742,10,10,0.001
742,152.92005920410156,38.89417266845703,743,10,10,0.001
743,149.2765655517578,37.98988342285156,744,10,10,0.001
744,145.5987091064453,37.04657745361328,745,10,10,0.001
745,141.88278198242188,36.11798095703125,746,10,10,0.001
746,138.1325225830078,35.15488815307617,747,10,10,0.001
747,134.36526489257812,34.20611572265625,748,10,10,0.001
748,130.58139038085938,33.19972610473633,749,10,10,0.001
749,126.88568115234375,32.297096252441406,750,10,10,0.001
750,123.6737289428711,31.338916778564453,751,10,10,0.001
751,123.21810913085938,31.43218421936035,752,10,10,0.001
752,128.8574676513672,32.355648040771484,753,10,10,0.001
753,139.05108642578125,35.62760925292969,754,10,10,0.001
754,117.90061950683594,29.569473266601562,755,10,10,0.001
755,107.47123718261719,27.033714294433594,756,10,10,0.001
756,118.42732238769531,30.190162658691406,757,10,10,0.001
757,103.91018676757812,26.013378143310547,758,10,10,0.001
758,101.15536499023438,25.283275604248047,759,10,10,0.001
759,105.50971221923828,26.761220932006836,760,10,10,0.001
760,92.18203735351562,23.075159072875977,761,10,10,0.001
761,97.26889038085938,24.153215408325195,762,10,10,0.001
762,92.1834716796875,23.218931198120117,763,10,10,0.001
763,86.18870544433594,21.585012435913086,764,10,10,0.001
764,90.25634765625,22.289196014404297,765,10,10,0.001
765,81.06501770019531,20.1997127532959,766,10,10,0.001
766,82.54766845703125,20.65380859375,767,10,10,0.001
767,80.0298080444336,19.695770263671875,768,10,10,0.001
768,75.08003997802734,18.501487731933594,769,10,10,0.001
769,77.42036437988281,19.2766170501709,770,10,10,0.001
770,71.80441284179688,17.63245391845703,771,10,10,0.001
771,71.85761260986328,17.59453582763672,772,10,10,0.001
772,70.91244506835938,17.537981033325195,773,10,10,0.001
773,66.99188995361328,16.451171875,774,10,10,0.001
774,68.34672546386719,16.682533264160156,775,10,10,0.001
775,65.38565063476562,16.069034576416016,776,10,10,0.001
776,64.05183410644531,15.716642379760742,777,10,10,0.001
777,64.5035400390625,15.704710960388184,778,10,10,0.001
778,61.593170166015625,15.04820442199707,779,10,10,0.001
779,61.694969177246094,15.097177505493164,780,10,10,0.001
780,61.14861297607422,14.837884902954102,781,10,10,0.001
781,59.057769775390625,14.348474502563477,782,10,10,0.001
782,59.6060791015625,14.52645206451416,783,10,10,0.001
783,58.62445831298828,14.178075790405273,784,10,10,0.001
784,57.40492630004883,13.882549285888672,785,10,10,0.001
785,57.91929626464844,14.05288314819336,786,10,10,0.001
786,56.87125015258789,13.704635620117188,787,10,10,0.001
787,56.24107360839844,13.546113014221191,788,10,10,0.001
788,56.55369567871094,13.667022705078125,789,10,10,0.001
789,55.602867126464844,13.367427825927734,790,10,10,0.001
790,55.28794860839844,13.279393196105957,791,10,10,0.001
791,55.413516998291016,13.348295211791992,792,10,10,0.001
792,54.625633239746094,13.100605010986328,793,10,10,0.001
793,54.45054626464844,13.04610538482666,794,10,10,0.001
794,54.44097137451172,13.077938079833984,795,10,10,0.001
795,53.78800582885742,12.87759780883789,796,10,10,0.001
796,53.65980911254883,12.833478927612305,797,10,10,0.001
797,53.575687408447266,12.841424942016602,798,10,10,0.001
798,53.03962707519531,12.676227569580078,799,10,10,0.001
799,52.91318130493164,12.634603500366211,800,10,10,0.001
800,52.78618621826172,12.625676155090332,801,10,10,0.001
801,52.346187591552734,12.490104675292969,802,10,10,0.001
802,52.21681213378906,12.444947242736816,803,10,10,0.001
803,52.06557083129883,12.424689292907715,804,10,10,0.001
804,51.695560455322266,12.311166763305664,805,10,10,0.001
805,51.55988311767578,12.26681900024414,806,10,10,0.001
806,51.40026092529297,12.241347312927246,807,10,10,0.001
807,51.084877014160156,12.145901679992676,808,10,10,0.001
808,50.94837951660156,12.103744506835938,809,10,10,0.001
809,50.7944221496582,12.078391075134277,810,10,10,0.001
810,50.52597427368164,11.997806549072266,811,10,10,0.001
811,50.38792419433594,11.956024169921875,812,10,10,0.001
812,50.23301696777344,11.927511215209961,813,10,10,0.001
813,49.995914459228516,11.854928016662598,814,10,10,0.001
814,49.85382843017578,11.812520980834961,815,10,10,0.001
815,49.70164489746094,11.782469749450684,816,10,10,0.001
816,49.491085052490234,11.719263076782227,817,10,10,0.001
817,49.34648895263672,11.675981521606445,818,10,10,0.001
818,49.20161056518555,11.645573616027832,819,10,10,0.001
819,49.012481689453125,11.587571144104004,820,10,10,0.001
820,48.8714599609375,11.547943115234375,821,10,10,0.001
821,48.73274230957031,11.51838207244873,822,10,10,0.001
822,48.558197021484375,11.466026306152344,823,10,10,0.001
823,48.41292190551758,11.426708221435547,824,10,10,0.001
824,48.274658203125,11.39686393737793,825,10,10,0.001
825,48.10957336425781,11.349549293518066,826,10,10,0.001
826,47.96419143676758,11.312719345092773,827,10,10,0.001
827,47.826148986816406,11.283539772033691,828,10,10,0.001
828,47.66653823852539,11.239845275878906,829,10,10,0.001
829,47.51600646972656,11.20425033569336,830,10,10,0.001
830,47.37580108642578,11.175188064575195,831,10,10,0.001
831,47.21989059448242,11.134075164794922,832,10,10,0.001
832,47.06910705566406,11.097993850708008,833,10,10,0.001
833,46.9285774230957,11.066133499145508,834,10,10,0.001
834,46.77613067626953,11.023728370666504,835,10,10,0.001
835,46.622413635253906,10.986955642700195,836,10,10,0.001
836,46.47808074951172,10.954019546508789,837,10,10,0.001
837,46.32682418823242,10.914616584777832,838,10,10,0.001
838,46.17321014404297,10.87896728515625,839,10,10,0.001
839,46.02803039550781,10.844348907470703,840,10,10,0.001
840,45.879154205322266,10.806071281433105,841,10,10,0.001
841,45.72605514526367,10.771269798278809,842,10,10,0.001
842,45.57624816894531,10.736764907836914,843,10,10,0.001
843,45.42729949951172,10.700735092163086,844,10,10,0.001
844,45.27314758300781,10.666046142578125,845,10,10,0.001
845,45.12045669555664,10.63067626953125,846,10,10,0.001
846,44.96893310546875,10.595170974731445,847,10,10,0.001
847,44.81353759765625,10.561714172363281,848,10,10,0.001
848,44.65833282470703,10.52493667602539,849,10,10,0.001
849,44.50641632080078,10.488847732543945,850,10,10,0.001
850,44.35291290283203,10.453497886657715,851,10,10,0.001
851,44.19685363769531,10.41604995727539,852,10,10,0.001
852,44.04193115234375,10.380130767822266,853,10,10,0.001
853,43.88653564453125,10.345565795898438,854,10,10,0.001
854,43.730712890625,10.309091567993164,855,10,10,0.001
855,43.57444763183594,10.274496078491211,856,10,10,0.001
856,43.417171478271484,10.24068546295166,857,10,10,0.001
857,43.25648498535156,10.204160690307617,858,10,10,0.001
858,43.09385299682617,10.16910457611084,859,10,10,0.001
859,42.93058776855469,10.133493423461914,860,10,10,0.001
860,42.76457977294922,10.09620475769043,861,10,10,0.001
861,42.59944534301758,10.060369491577148,862,10,10,0.001
862,42.43667984008789,10.023313522338867,863,10,10,0.001
863,42.273990631103516,9.98558521270752,864,10,10,0.001
864,42.11006546020508,9.948579788208008,865,10,10,0.001
865,41.94560623168945,9.911384582519531,866,10,10,0.001
866,41.775413513183594,9.873976707458496,867,10,10,0.001
867,41.6044921875,9.836817741394043,868,10,10,0.001
868,41.43144226074219,9.799040794372559,869,10,10,0.001
869,41.255680084228516,9.761706352233887,870,10,10,0.001
870,41.07769775390625,9.725481033325195,871,10,10,0.001
871,40.898006439208984,9.687032699584961,872,10,10,0.001
872,40.71644592285156,9.648299217224121,873,10,10,0.001
873,40.53427505493164,9.609831809997559,874,10,10,0.001
874,40.348731994628906,9.569764137268066,875,10,10,0.001
875,40.161529541015625,9.525270462036133,876,10,10,0.001
876,39.97231674194336,9.478410720825195,877,10,10,0.001
877,39.782569885253906,9.43151569366455,878,10,10,0.001
878,39.58857727050781,9.382805824279785,879,10,10,0.001
879,39.39338302612305,9.333283424377441,880,10,10,0.001
880,39.194332122802734,9.284785270690918,881,10,10,0.001
881,38.988014221191406,9.237081527709961,882,10,10,0.001
882,38.78034210205078,9.186330795288086,883,10,10,0.001
883,38.56913757324219,9.136642456054688,884,10,10,0.001
884,38.35528564453125,9.086472511291504,885,10,10,0.001
885,38.141380310058594,9.033178329467773,886,10,10,0.001
886,37.92237091064453,8.97826099395752,887,10,10,0.001
887,37.69786834716797,8.923514366149902,888,10,10,0.001
888,37.47315216064453,8.870648384094238,889,10,10,0.001
889,37.2482795715332,8.819093704223633,890,10,10,0.001
890,37.020668029785156,8.767579078674316,891,10,10,0.001
891,36.785911560058594,8.715625762939453,892,10,10,0.001
892,36.546791076660156,8.661822319030762,893,10,10,0.001
893,36.30536651611328,8.6079740524292,894,10,10,0.001
894,36.06294631958008,8.554862022399902,895,10,10,0.001
895,35.81108474731445,8.501928329467773,896,10,10,0.001
896,35.54792785644531,8.448057174682617,897,10,10,0.001
897,35.28853225708008,8.395318984985352,898,10,10,0.001
898,35.02389907836914,8.339691162109375,899,10,10,0.001
899,34.758392333984375,8.285919189453125,900,10,10,0.001
900,34.49391174316406,8.23015308380127,901,10,10,0.001
901,34.226924896240234,8.173357963562012,902,10,10,0.001
902,33.95830535888672,8.116881370544434,903,10,10,0.001
903,33.68347930908203,8.060528755187988,904,10,10,0.001
904,33.40614318847656,8.004975318908691,905,10,10,0.001
905,33.121761322021484,7.949799060821533,906,10,10,0.001
906,32.829166412353516,7.893728733062744,907,10,10,0.001
907,32.53415298461914,7.8337321281433105,908,10,10,0.001
908,32.24195098876953,7.775324821472168,909,10,10,0.001
909,31.947607040405273,7.718208312988281,910,10,10,0.001
910,31.643220901489258,7.659395694732666,911,10,10,0.001
911,31.330097198486328,7.599686622619629,912,10,10,0.001
912,31.0048885345459,7.535141468048096,913,10,10,0.001
913,30.66532325744629,7.463204860687256,914,10,10,0.001
914,30.304065704345703,7.380674839019775,915,10,10,0.001
915,29.91351890563965,7.292163848876953,916,10,10,0.001
916,29.513233184814453,7.200577259063721,917,10,10,0.001
917,29.119098663330078,7.1110615730285645,918,10,10,0.001
918,28.754566192626953,7.025862693786621,919,10,10,0.001
919,28.410667419433594,6.9380388259887695,920,10,10,0.001
920,28.074058532714844,6.850743293762207,921,10,10,0.001
921,27.74692153930664,6.765617847442627,922,10,10,0.001
922,27.39947509765625,6.679443359375,923,10,10,0.001
923,27.034221649169922,6.59127140045166,924,10,10,0.001
924,26.668415069580078,6.501603126525879,925,10,10,0.001
925,26.306711196899414,6.414048194885254,926,10,10,0.001
926,25.949031829833984,6.32689094543457,927,10,10,0.001
927,25.59940528869629,6.239904880523682,928,10,10,0.001
928,25.248939514160156,6.151645660400391,929,10,10,0.001
929,24.891429901123047,6.060887813568115,930,10,10,0.001
930,24.527708053588867,5.967387676239014,931,10,10,0.001
931,24.16819953918457,5.874354839324951,932,10,10,0.001
932,23.821813583374023,5.783441543579102,933,10,10,0.001
933,23.485267639160156,5.694850921630859,934,10,10,0.001
934,23.148174285888672,5.607229232788086,935,10,10,0.001
935,22.80427360534668,5.518674373626709,936,10,10,0.001
936,22.459157943725586,5.431156635284424,937,10,10,0.001
937,22.1204833984375,5.346747875213623,938,10,10,0.001
938,21.789403915405273,5.26433801651001,939,10,10,0.001
939,21.466039657592773,5.183943748474121,940,10,10,0.001
940,21.146648406982422,5.103833198547363,941,10,10,0.001
941,20.829526901245117,5.024004936218262,942,10,10,0.001
942,20.514442443847656,4.944782733917236,943,10,10,0.001
943,20.203859329223633,4.86552095413208,944,10,10,0.001
944,19.89897918701172,4.787519931793213,945,10,10,0.001
945,19.59922981262207,4.710587978363037,946,10,10,0.001
946,19.3050537109375,4.636043548583984,947,10,10,0.001
947,19.017398834228516,4.563869953155518,948,10,10,0.001
948,18.737977981567383,4.492591857910156,949,10,10,0.001
949,18.465961456298828,4.424258232116699,950,10,10,0.001
950,18.202518463134766,4.357931137084961,951,10,10,0.001
951,17.94658660888672,4.29335880279541,952,10,10,0.001
952,17.697633743286133,4.230522155761719,953,10,10,0.001
953,17.455951690673828,4.168804168701172,954,10,10,0.001
954,17.22317123413086,4.109810829162598,955,10,10,0.001
955,16.99909210205078,4.0525617599487305,956,10,10,0.001
956,16.782489776611328,3.9971871376037598,957,10,10,0.001
957,16.572357177734375,3.943500280380249,958,10,10,0.001
958,16.368091583251953,3.891740322113037,959,10,10,0.001
959,16.170528411865234,3.841675281524658,960,10,10,0.001
960,15.979972839355469,3.7934279441833496,961,10,10,0.001
961,15.796424865722656,3.747500419616699,962,10,10,0.001
962,15.619303703308105,3.7024192810058594,963,10,10,0.001
963,15.448227882385254,3.65932035446167,964,10,10,0.001
964,15.283479690551758,3.617258071899414,965,10,10,0.001
965,15.1240234375,3.57747745513916,966,10,10,0.001
966,14.969749450683594,3.5374341011047363,967,10,10,0.001
967,14.82004451751709,3.5011444091796875,968,10,10,0.001
968,14.674403190612793,3.4638805389404297,969,10,10,0.001
969,14.532432556152344,3.4298136234283447,970,10,10,0.001
970,14.394021034240723,3.3952279090881348,971,10,10,0.001
971,14.259366989135742,3.362999200820923,972,10,10,0.001
972,14.128226280212402,3.3305583000183105,973,10,10,0.001
973,14.000907897949219,3.300084114074707,974,10,10,0.001
974,13.877582550048828,3.2702624797821045,975,10,10,0.001
975,13.757820129394531,3.2409565448760986,976,10,10,0.001
976,13.64135456085205,3.213200092315674,977,10,10,0.001
977,13.528130531311035,3.1851348876953125,978,10,10,0.001
978,13.417966842651367,3.1588845252990723,979,10,10,0.001
979,13.310872077941895,3.1321768760681152,980,10,10,0.001
980,13.206289291381836,3.1079022884368896,981,10,10,0.001
981,13.103880882263184,3.0820186138153076,982,10,10,0.001
982,13.004597663879395,3.0589609146118164,983,10,10,0.001
983,12.907867431640625,3.034141778945923,984,10,10,0.001
984,12.813840866088867,3.0127198696136475,985,10,10,0.001
985,12.72022533416748,2.9878196716308594,986,10,10,0.001
986,12.628257751464844,2.9675140380859375,987,10,10,0.001
987,12.53624153137207,2.9427988529205322,988,10,10,0.001
988,12.445866584777832,2.9228854179382324,989,10,10,0.001
989,12.355738639831543,2.8988564014434814,990,10,10,0.001
990,12.267528533935547,2.8794054985046387,991,10,10,0.001
991,12.180913925170898,2.8566734790802,992,10,10,0.001
992,12.096528053283691,2.8378913402557373,993,10,10,0.001
993,12.013849258422852,2.816720962524414,994,10,10,0.001
994,11.933626174926758,2.7986929416656494,995,10,10,0.001
995,11.855009078979492,2.7786288261413574,996,10,10,0.001
996,11.778130531311035,2.761413812637329,997,10,10,0.001
997,11.702705383300781,2.7420976161956787,998,10,10,0.001
998,11.62907600402832,2.7253427505493164,999,10,10,0.001
999,11.556498527526855,2.7065846920013428,1000,10,10,0.001
