Name,logTeff,logLum,Mass,logAge,logMass
053429.4-052337,3.454,-0.98,,,
053429.5-052354,3.708,0.64,1.98,6.58,0.2966651902615311
053433.9-052211,3.479,-0.88,0.17,5.95,-0.7695510786217261
053434.9-052507,,,,,
053438.2-052338,,,,,
053438.2-052423,3.502,-0.57,0.23,6.29,-0.638272163982407
053439.7-052425,3.661,1.19,2.12,5.55,0.32633586092875144
053439.8-052456,,,,,
053439.9-052642,3.708,0.73,2.11,6.49,0.3242824552976926
053440.0-052604,3.441,-0.37,0.13,4.75,-0.8860566476931632
053440.8-052242,3.602,0.44,0.69,5.74,-0.16115090926274472
053440.8-052639,3.546,-0.57,0.36,6.4,-0.44369749923271273
053440.9-052559,3.58,-0.71,0.55,6.93,-0.2596373105057561
053441.6-052357,3.467,-0.68,0.13,5.46,-0.8860566476931632
053441.7-052652,3.513,-0.6,0.26,6.33,-0.585026652029182
053441.8-052149,3.467,-1.39,,,
053443.0-052007,3.623,0.26,0.9,6.05,-0.045757490560675115
053443.4-052059,,,,,
053443.9-052208,,,,,
053444.4-052606,3.467,-0.49,0.16,5.28,-0.7958800173440752
053444.5-052438,3.491,-1.04,0.15,6.49,-0.8239087409443188
053444.5-052548,,,,,
053445.2-052504,3.695,0.89,2.17,6.18,0.3364597338485295
053445.3-052239,,,,,
053445.4-052212,,,,,
053445.9-052250,,,,,
053445.9-052455,3.58,-0.21,0.53,6.23,-0.27572413039921095
053446.4-052431,3.58,-0.01,0.53,6.01,-0.27572413039921095
053446.5-052325,3.535,-0.29,0.33,6.12,-0.4814860601221125
053446.7-052124,3.513,-0.7,0.25,6.4,-0.6020599913279624
053446.7-052632,,,,,
053446.8-052345,,,,,
053447.0-052357,,,,,
053447.2-052206,,,,,
053447.2-052307,,,,,
053447.5-052128,,,,,
053447.9-052340,3.513,-0.35,0.27,5.71,-0.5686362358410126
053448.0-052054,,,,,
053448.1-052151,,,,,
053448.1-052238,3.502,-1.4,0.15,6.9,-0.8239087409443188
053448.7-051907,3.491,-0.51,0.21,6.0,-0.6777807052660807
053448.8-052118,,,,,
053448.8-052317,3.557,0.13,0.4,5.85,-0.3979400086720376
053449.0-052626,3.557,-0.96,0.23,6.61,-0.638272163982407
053449.0-052818,3.502,-0.54,0.23,6.25,-0.638272163982407
053449.1-052808,3.441,-0.94,,,
053449.3-051855,3.513,-0.29,0.27,5.64,-0.5686362358410126
053449.4-052359,,,,,
053449.6-052903,3.546,-0.25,0.37,6.1,-0.431798275933005
053450.1-052000,3.454,-1.33,,,
053450.2-051854,,,,,
053450.3-052323,,,,,
053450.3-052631,,,,,
053450.4-052020,3.623,-0.21,0.92,6.73,-0.03621217265444471
053450.5-052335,3.557,-1.01,0.39,7.04,-0.4089353929735008
053450.7-052112,,,,,
053450.7-052401,3.643,0.2,1.19,6.36,0.07554696139253074
053450.7-052700,3.58,-0.05,0.53,6.05,-0.27572413039921095
053450.8-052403,,,,,
053450.9-052924,3.479,-0.54,0.24,6.02,-0.619788758288394
053451.4-052658,,,,,
053451.5-052513,3.695,0.28,1.52,6.84,0.18184358794477254
053451.5-052618,,,,,
053451.8-052139,3.502,-0.43,0.23,6.32,-0.638272163982407
053452.0-052418,3.502,-0.61,0.24,6.05,-0.619788758288394
053452.0-052442,3.502,-0.45,0.24,6.05,-0.619788758288394
053452.1-052231,3.524,0.28,0.29,4.52,-0.5376020021010439
053452.3-052501,,,,,
053452.3-053007,,,,,
053452.4-051835,,,,,
053452.6-052403,3.546,-0.25,0.37,6.1,-0.431798275933005
053452.6-052945,3.513,-0.46,0.26,6.24,-0.585026652029182
053452.7-052125,,,,,
053452.7-052752,,,,,
053452.7-052755,,,,,
053452.9-052616,,,,,
053452.9-052858,3.502,-0.76,0.21,6.41,-0.6777807052660807
053453.0-052659,,,,,
053453.1-052400,,,,,
053453.1-052627,,,,,
053453.3-052628,,,,,
053453.4-052219,,,,,
053453.5-052651,,,,,
053453.8-052636,,,,,
053453.9-052221,3.454,-1.14,,,
053453.9-052749,3.513,-0.51,0.26,6.28,-0.585026652029182
053454.0-052501,,,,,
053454.1-052226,3.454,-1.04,,,
053454.2-052135,3.535,-0.33,0.33,6.14,-0.4814860601221125
053454.2-052854,3.58,0.07,0.52,5.93,-0.2839966563652008
053454.3-052207,,,,,
053454.4-052058,,,,,
053454.6-052301,,,,,
053454.6-052818,3.513,-0.7,0.25,6.4,-0.6020599913279624
053454.8-052512,3.513,-0.69,0.25,6.4,-0.6020599913279624
053455.0-052529,3.513,-0.42,0.26,6.18,-0.585026652029182
053455.0-052658,3.483,-0.98,0.14,6.16,-0.8538719643217619
053455.1-051746,,,,,
053455.1-051954,,,,,
053455.3-053021,4.025,1.89,2.9,6.51,0.4623979978989561
053455.6-052937,3.479,-0.69,0.16,5.68,-0.7958800173440752
053455.8-051945,3.454,-1.32,,,
053455.8-052011,,,,,
053455.8-052338,,,,,
053455.9-052108,,,,,
053455.9-052207,,,,,
053455.9-052313,3.679,1.19,2.69,5.74,0.42975228000240795
053455.9-052926,3.546,-0.23,0.37,6.09,-0.431798275933005
053456.0-053112,3.535,-0.37,0.33,6.17,-0.4814860601221125
053456.1-052855,,,,,
053456.2-052229,,,,,
053456.5-052750,3.535,-0.47,0.33,6.25,-0.4814860601221125
053456.5-053136,3.897,1.49,2.2,6.73,0.3424226808222063
053456.7-052637,3.454,-0.68,0.12,5.27,-0.9208187539523752
053456.8-052136,3.602,-0.03,0.71,6.21,-0.14874165128092473
053456.9-052121,,,,,
053456.9-052206,3.513,-1.3,0.19,6.91,-0.721246399047171
053457.0-052300,3.491,-0.79,0.18,6.14,-0.744727494896694
053457.4-053041,3.524,-0.59,0.29,6.32,-0.5376020021010439
053457.5-052346,,,,,
053457.7-052223,,,,,
053457.7-052251,3.513,-0.55,0.26,6.3,-0.585026652029182
053457.7-052351,3.591,0.47,0.6,5.67,-0.22184874961635637
053457.7-052352,3.591,0.47,0.6,5.67,-0.22184874961635637
053457.9-052945,3.513,-0.52,0.26,6.28,-0.585026652029182
053458.0-051737,3.58,-0.12,0.53,6.13,-0.27572413039921095
053458.0-052940,,,,,
053458.2-052533,3.467,-0.45,0.17,5.23,-0.7695510786217261
053458.2-052847,,,,,
053458.3-052116,3.546,-1.27,0.22,7.03,-0.6575773191777937
053458.8-052117,3.643,0.22,1.2,6.34,0.07918124604762482
053458.9-052803,3.513,-0.65,0.25,6.37,-0.6020599913279624
053459.1-052307,3.467,-0.76,0.13,5.53,-0.8860566476931632
053459.3-052332,3.441,-0.72,,,
053459.4-052251,,,,,
053459.4-052615,,,,,
053459.5-052400,3.524,-0.37,0.29,6.08,-0.5376020021010439
053459.6-052032,,,,,
053459.6-052540,3.535,-0.41,0.33,6.2,-0.4814860601221125
053459.8-052233,,,,,
053500.1-052301,3.719,0.87,2.11,6.47,0.3242824552976926
053500.1-052516,4.025,1.69,2.65,6.83,0.42324587393680785
053500.2-051851,3.58,-0.19,0.53,6.2,-0.27572413039921095
053500.2-052409,,,,,
053500.2-052549,,,,,
053500.4-051754,,,,,
053500.4-052514,3.623,-0.43,0.9,7.09,-0.045757490560675115
053500.8-053106,3.524,-0.39,0.29,6.1,-0.5376020021010439
053501.0-052303,3.479,-1.15,0.12,6.6,-0.9208187539523752
053501.0-052410,3.524,0.06,0.29,5.0,-0.5376020021010439
053501.1-052241,,,,,
053501.1-052406,,,,,
053501.1-052955,,,,,
053501.2-052144,3.441,-1.23,,,
053501.2-052219,,,,,
053501.2-052524,,,,,
053501.3-051821,,,,,
053501.3-052016,3.524,-0.56,0.29,6.3,-0.5376020021010439
053501.3-052022,3.591,-0.09,0.6,6.17,-0.22184874961635637
053501.3-052811,,,,,
053501.4-052820,3.524,-0.42,0.29,6.18,-0.5376020021010439
053501.5-051807,,,,,
053501.5-052158,,,,,
053501.5-052534,3.467,-1.0,0.11,5.77,-0.958607314841775
053501.6-052149,,,,,
053501.6-052410,3.467,-0.59,0.15,5.38,-0.8239087409443188
053501.7-052512,,,,,
053501.7-052709,,,,,
053501.8-053019,3.479,-0.79,0.15,5.74,-0.8239087409443188
053501.9-052353,,,,,
053502.0-051833,3.513,-0.37,0.27,5.74,-0.5686362358410126
053502.0-052055,,,,,
053502.0-052636,3.546,0.07,0.37,5.6,-0.431798275933005
053502.1-052909,3.535,-0.23,0.33,6.08,-0.4814860601221125
053502.3-052123,,,,,
053502.3-053110,,,,,
053502.4-052046,3.643,0.2,1.19,6.36,0.07554696139253074
053502.5-052601,,,,,
053502.5-053309,3.546,-0.18,0.37,6.05,-0.431798275933005
053502.7-051944,3.557,-0.45,0.41,6.32,-0.38721614328026455
053502.7-053224,,,,,
053502.8-052202,,,,,
053502.8-052208,,,,,
053502.8-052628,,,,,
053502.9-051551,,,,,
053502.9-053244,,,,,
053503.0-052237,3.441,-0.42,0.13,4.81,-0.8860566476931632
053503.0-053001,3.695,0.82,2.16,6.25,0.3344537511509309
053503.1-051829,3.546,-0.43,0.37,6.26,-0.431798275933005
053503.2-051753,3.441,-0.81,,,
053503.2-053019,,,,,
053503.3-051622,,,,,
053503.4-052332,3.502,-1.53,,,
053503.4-052610,3.479,-1.18,0.11,6.62,-0.958607314841775
053503.5-052046,,,,,
053503.5-052624,,,,,
053503.5-052925,,,,,
053503.6-052705,,,,,
053503.7-052245,3.483,-1.3,0.11,6.69,-0.958607314841775
053503.7-052454,,,,,
053503.9-051859,3.491,-0.78,0.18,6.14,-0.744727494896694
053503.9-052903,3.546,0.05,0.37,5.62,-0.431798275933005
053503.9-052940,,,,,
053504.0-052056,,,,,
053504.0-052637,3.535,-0.31,0.33,6.13,-0.4814860601221125
053504.0-052820,,,,,
053504.1-052015,,,,,
053504.1-052224,3.467,-0.95,0.11,5.71,-0.958607314841775
053504.1-052232,,,,,
053504.1-052234,,,,,
053504.2-052012,,,,,
053504.2-052627,3.535,-0.25,0.33,6.09,-0.4814860601221125
053504.3-052313,,,,,
053504.3-052313b,3.568,0.1,0.46,5.89,-0.3372421683184259
053504.4-051951,,,,,
053504.5-052013,,,,,
053504.5-052356,3.695,0.35,1.6,6.76,0.20411998265592482
053504.5-052604,3.513,-0.24,0.27,5.57,-0.5686362358410126
053504.5-052623,3.513,-0.24,0.27,5.57,-0.5686362358410126
053504.5-053115,,,,,
053504.6-052442,3.535,-0.83,0.31,6.61,-0.5086383061657274
053504.6-052936,3.502,-0.52,0.23,6.25,-0.638272163982407
053504.7-051742,3.643,0.41,1.19,6.08,0.07554696139253074
053504.7-052435,,,,,
053504.7-052551,,,,,
053504.7-052638,3.568,-0.15,0.47,6.1,-0.3279021420642826
053504.8-052057,3.502,-1.44,0.15,6.9,-0.8239087409443188
053504.8-052238,3.479,-0.6,0.17,5.76,-0.7695510786217261
053504.8-052302,,,,,
053504.9-052109,,,,,
053504.9-052248,,,,,
053505.1-052024,,,,,
053505.2-052323,,,,,
053505.2-052503,,,,,
053505.2-052603,3.479,-1.05,0.13,6.44,-0.8860566476931632
053505.3-052410,3.58,-0.16,0.54,6.18,-0.2676062401770315
053505.4-052230,3.428,-1.48,,,
053505.4-052415,,,,,
053505.4-052522,,,,,
053505.4-052555,3.502,-1.29,0.16,6.8,-0.7958800173440752
053505.4-052717,3.623,-0.07,0.93,6.5,-0.031517051446064856
053505.5-051921,,,,,
053505.5-052751,3.546,-0.46,0.37,6.29,-0.431798275933005
053505.6-051824,,,,,
053505.6-052519,3.702,1.12,2.7,6.07,0.43136376415898736
053505.6-052922,3.568,-0.92,0.46,7.07,-0.3372421683184259
053505.7-051936,,,,,
053505.7-052315,3.454,-1.17,,,
053505.7-052354,3.485,-0.38,0.2,5.34,-0.6989700043360187
053505.7-052418,3.643,-0.11,1.12,6.82,0.04921802267018165
053505.7-052504,,,,,
053505.7-052506,3.535,-0.13,0.33,5.96,-0.4814860601221125
053505.7-052626,3.513,-0.22,0.27,5.67,-0.5686362358410126
053505.7-053355,3.513,-0.41,0.26,6.15,-0.585026652029182
053505.8-052701,3.502,-0.26,0.23,6.34,-0.638272163982407
053505.8-052708,3.591,-0.23,0.62,6.38,-0.2076083105017461
053505.8-053418,,,,,
053505.9-052550,,,,,
053506.1-051955,3.491,-0.87,0.17,6.48,-0.7695510786217261
053506.1-052212,3.491,,,,
053506.1-052306,,,,,
053506.2-052202,3.643,-0.08,1.13,6.78,0.05307844348341968
053506.3-052336,,,,,
053506.4-052118,3.467,-0.94,0.11,6.0,-0.958607314841775
053506.4-052207,3.502,-1.14,0.19,6.65,-0.721246399047171
053506.4-052704,,,,,
053506.4-053335,3.568,-0.56,0.47,6.57,-0.3279021420642826
053506.5-051624,,,,,
053506.5-051722,,,,,
053506.5-052441,3.557,-0.06,0.41,5.98,-0.38721614328026455
053506.5-052501,3.491,-1.17,0.14,6.67,-0.8538719643217619
053506.5-052654,,,,,
053506.5-053250,,,,,
053506.6-052244,,,,,
053506.6-052651,3.479,-0.4,0.19,5.3,-0.721246399047171
053506.8-052209,3.441,-1.01,,,
053506.9-052244,,,,,
053506.9-052421,,,,,
053506.9-052600,,,,,
053507.0-052500,,,,,
053507.1-051830,3.448,-1.35,,,
053507.1-052650,,,,,
053507.2-052226,3.526,-0.49,0.3,6.23,-0.5228787452803376
053507.2-052253,,,,,
053507.2-052638,,,,,
053507.3-052228,,,,,
053507.3-052940,,,,,
053507.4-052301,,,,,
053507.4-052548,,,,,
053507.4-052640,3.467,-0.79,0.13,5.56,-0.8860566476931632
053507.5-051950,,,,,
053507.7-052101,,,,,
053507.7-052126,,,,,
053507.7-052452,3.491,-1.27,0.14,6.72,-0.8538719643217619
053507.7-052626,,,,,
053507.8-051705,3.513,-1.11,0.21,6.73,-0.6777807052660807
053507.8-052029,,,,,
053507.8-052917,3.502,-0.6,0.23,6.31,-0.638272163982407
053507.9-052003,,,,,
053507.9-052117,3.502,-0.79,0.21,6.43,-0.6777807052660807
053508.0-053243,3.58,-0.5,0.55,6.62,-0.2596373105057561
053508.1-053022,,,,,
053508.2-052046,,,,,
053508.2-052403,,,,,
053508.2-052912,3.479,-1.05,0.13,6.44,-0.8860566476931632
053508.3-051502,,,,,
053508.3-051913,,,,,
053508.3-051937,,,,,
053508.3-052434,,,,,
053508.3-052757,,,,,
053508.4-052119,,,,,
053508.4-052230,,,,,
053508.4-052304,,,,,
053508.4-052829,3.695,-0.08,1.1,7.28,0.04139268515822507
053508.5-052440,,,,,
053508.5-052441,3.479,-0.8,0.15,5.75,-0.8239087409443188
053508.5-052501,,,,,
053508.5-052518,3.535,-0.02,0.33,5.42,-0.4814860601221125
053508.6-051613,,,,,
053508.6-051647,,,,,
053508.6-052619,3.479,-1.19,0.11,6.62,-0.958607314841775
053508.7-052256,,,,,
053508.7-052901,3.585,-0.16,0.57,6.21,-0.24412514432750865
053508.8-051705,,,,,
053508.8-053148,3.661,0.09,1.3,6.74,0.11394335230683678
053508.9-051933,,,,,
053509.0-052259,,,,,
053509.0-052959,3.679,0.45,1.72,6.48,0.23552844690754893
053509.1-051651,,,,,
053509.2-051648,,,,,
053509.2-053058,,,,,
053509.3-052141,,,,,
053509.4-052058,,,,,
053509.5-052148,,,,,
053509.5-052748,,,,,
053509.6-052124,3.502,-0.59,0.24,6.05,-0.619788758288394
053509.6-052151,,,,,
053509.6-052355,,,,,
053509.6-052623,3.557,-1.21,0.38,7.32,-0.42021640338318983
053509.6-052800,3.464,-0.56,0.13,5.16,-0.8860566476931632
053509.6-052822,3.557,-0.2,0.41,6.08,-0.38721614328026455
053509.7-052128,,,,,
053509.7-052326,3.591,0.34,0.59,5.76,-0.22914798835785583
053509.7-052406,,,,,
053509.8-051858,,,,,
053509.8-051933,3.502,-0.19,0.24,5.2,-0.619788758288394
053509.8-052550,,,,,
053509.8-052634,,,,,
053509.8-052753,4.294,3.27,18.91,,1.2766915288450398
053509.9-052338,,,,,
053510.0-051457,,,,,
053510.0-051707,,,,,
053510.0-051816,,,,,
053510.0-052004,,,,,
053510.0-052401,,,,,
053510.0-052618,,,,,
053510.1-051931,,,,,
053510.1-052232,,,,,
053510.1-052758,,,,,
053510.2-051719,,,,,
053510.2-051833,,,,,
053510.2-052020,3.502,-0.99,0.19,6.58,-0.721246399047171
053510.2-052157,,,,,
053510.2-052316,,,,,
053510.2-052321,3.633,-0.78,0.72,7.79,-0.14266750356873156
053510.2-052623,,,,,
053510.3-051956,3.479,-0.81,0.15,5.76,-0.8239087409443188
053510.3-052112,3.602,-0.19,0.72,6.44,-0.14266750356873156
053510.3-052259,,,,,
053510.3-052417,,,,,
053510.3-052451,,,,,
053510.3-052903,,,,,
053510.3-053237,,,,,
053510.4-052132,,,,,
053510.4-052134,,,,,
053510.4-052149,,,,,
053510.4-052223,,,,,
053510.4-052245,3.568,0.37,0.46,5.36,-0.3372421683184259
053510.4-052600,,,,,
053510.4-053008,,,,,
053510.5-052003,,,,,
053510.5-052156,3.602,0.09,0.69,6.06,-0.16115090926274472
053510.5-052216,,,,,
053510.5-052244,,,,,
053510.5-052416,,,,,
053510.5-052544,,,,,
053510.5-052618,3.719,0.92,2.34,6.43,0.36921585741014284
053510.5-053143,,,,,
053510.5-053313,3.457,-0.44,0.17,5.21,-0.7695510786217261
053510.6-052256,,,,,
053510.6-052303,,,,,
053510.6-052332,,,,,
053510.7-052220,,,,,
053510.7-052344,3.591,1.09,0.74,3.99,-0.13076828026902382
053510.7-052628,3.502,-0.73,0.21,6.38,-0.6777807052660807
053510.8-051732,,,,,
053510.8-052148,,,,,
053510.8-052240,,,,,
053510.8-052556,,,,,
053510.8-052804,,,,,
053510.9-052224,,,,,
053510.9-052227,,,,,
053510.9-052246,,,,,
053510.9-052448,3.513,-0.4,0.26,6.07,-0.585026652029182
053510.9-052800,3.479,-0.52,0.18,5.71,-0.744727494896694
053510.9-053006,,,,,
053511.0-051521,,,,,
053511.0-052246,,,,,
053511.0-052314,,,,,
053511.1-051935,,,,,
053511.1-052532,,,,,
053511.1-052606,,,,,
053511.1-053459,3.479,-0.29,0.19,5.11,-0.721246399047171
053511.2-051720,3.557,-0.11,0.41,6.01,-0.38721614328026455
053511.2-052237,,,,,
053511.2-052416,,,,,
053511.3-051912,3.557,-0.37,0.41,6.24,-0.38721614328026455
053511.3-052115,,,,,
053511.3-052426,,,,,
053511.3-052438,,,,,
053511.4-051403,3.479,-0.66,0.17,5.88,-0.7695510786217261
053511.4-052144,,,,,
053511.4-052351,,,,,
053511.5-052106,,,,,
053511.5-052340,,,,,
053511.5-052345,,,,,
053511.5-052448,,,,,
053511.5-052459,,,,,
053511.5-052553,,,,,
053511.5-052602,3.679,0.82,2.14,6.07,0.33041377334919086
053511.6-051657,3.766,1.38,2.61,6.45,0.41664050733828095
053511.6-051912,,,,,
053511.6-052251,,,,,
053511.6-052421,3.473,-0.29,0.19,5.11,-0.721246399047171
053511.6-052608,,,,,
053511.6-052729,,,,,
053511.6-053101,,,,,
053511.7-052132,,,,,
053511.7-052155,,,,,
053511.7-052330,,,,,
053511.7-052333,,,,,
053511.7-052340,3.479,-0.12,0.19,4.82,-0.721246399047171
053511.7-052351,,,,,
053511.7-052512,,,,,
053511.7-052730,,,,,
053511.8-051726,,,,,
053511.8-051834,,,,,
053511.8-052100,,,,,
053511.8-052103,,,,,
053511.8-052149,,,,,
053511.8-052403,,,,,
053511.9-051926,3.679,0.72,2.02,6.17,0.3053513694466238
053511.9-052001,,,,,
053511.9-052032,3.679,0.99,2.35,5.91,0.37106786227173627
053511.9-052254,,,,,
053511.9-052303,,,,,
053511.9-052845,,,,,
053511.9-052932,,,,,
053511.9-053155,3.568,0.03,0.27,5.0,-0.5686362358410126
053512.0-051924,3.479,0.42,0.2,2.72,-0.6989700043360187
053512.0-052039,,,,,
053512.0-052808,,,,,
053512.1-052008,,,,,
053512.1-052026,,,,,
053512.1-052433,,,,,
053512.1-052447,,,,,
053512.1-053020,3.454,-0.58,0.13,5.18,-0.8860566476931632
053512.1-053138,3.467,-0.3,0.17,5.0,-0.7695510786217261
053512.2-052045,,,,,
053512.2-052348,3.58,0.05,0.52,5.95,-0.2839966563652008
053512.2-052424,,,,,
053512.2-052456,,,,,
053512.2-052600,,,,,
053512.2-053032,3.568,-0.14,0.46,6.07,-0.3372421683184259
053512.3-052047,,,,,
053512.3-052131,,,,,
053512.3-052241,,,,,
053512.3-052351,,,,,
053512.4-052031,,,,,
053512.4-052403,,,,,
053512.5-051633,,,,,
053512.5-051945,,,,,
053512.5-052301,,,,,
053512.5-052438,,,,,
053512.6-051935,3.524,-1.4,0.22,7.13,-0.6575773191777937
053512.6-052042,3.479,-0.89,0.14,6.07,-0.8538719643217619
053512.6-052204,,,,,
053512.6-052344,3.708,0.99,2.54,6.25,0.40483371661993806
053512.7-051613,3.513,-0.43,0.26,6.2,-0.585026652029182
053512.7-051652,3.602,0.57,0.7,5.62,-0.1549019599857432
053512.7-051927,,,,,
053512.7-052034,3.46,-0.93,0.1,5.59,-1.0
053512.7-052038,3.494,-0.78,0.19,6.26,-0.721246399047171
053512.7-052157,,,,,
053512.7-052254,,,,,
053512.7-052410,,,,,
053512.7-052426,,,,,
053512.7-052710,3.435,-0.62,0.14,5.37,-0.8538719643217619
053512.8-051524,3.602,0.22,0.69,5.92,-0.16115090926274472
053512.8-051548,,,,,
053512.8-052043,3.557,-0.17,0.41,6.06,-0.38721614328026455
053512.8-052105,,,,,
053512.8-052133,,,,,
053512.8-052133b,,,,,
053512.8-052247,,,,,
053512.8-052342,,,,,
053512.8-052351,,,,,
053512.9-052254,,,,,
053512.9-052330,,,,,
053512.9-052354,,,,,
053512.9-052431,,,,,
053512.9-052457,,,,,
053512.9-052849,,,,,
053513.0-051904,,,,,
053513.0-052030,3.623,0.49,0.9,5.79,-0.045757490560675115
053513.0-052153,,,,,
053513.0-052200,3.535,0.05,0.33,5.28,-0.4814860601221125
053513.0-052215,3.479,-0.38,0.19,5.27,-0.721246399047171
053513.0-052253,3.535,-0.44,0.33,6.23,-0.4814860601221125
053513.1-051730,,,,,
053513.1-051809,,,,,
053513.1-052113,3.524,-0.3,0.29,6.03,-0.5376020021010439
053513.1-052221,,,,,
053513.1-052247,,,,,
053513.1-052250,,,,,
053513.1-052452,,,,,
053513.1-052752,3.535,0.18,0.32,5.03,-0.494850021680094
053513.2-052052,3.585,0.05,0.56,5.98,-0.25181197299379954
053513.2-052209,,,,,
053513.2-052254,,,,,
053513.2-052257,,,,,
053513.2-052330,,,,,
053513.2-052355,,,,,
053513.2-052455,3.719,1.04,2.57,6.33,0.4099331233312945
053513.2-052754,3.535,0.18,0.32,5.03,-0.494850021680094
053513.3-052018,3.524,0.17,0.29,4.77,-0.5376020021010439
053513.3-052051,,,,,
053513.3-052226,3.494,-0.56,0.17,5.8,-0.7695510786217261
053513.3-052239,,,,,
053513.3-052353,,,,,
053513.3-052353b,,,,,
053513.3-052817,,,,,
053513.4-051710,3.557,0.37,0.41,4.93,-0.38721614328026455
053513.4-052107,,,,,
053513.4-052340,,,,,
053513.4-053047,3.502,-0.52,0.23,6.27,-0.638272163982407
053513.5-051717,3.513,-0.48,0.26,6.25,-0.585026652029182
053513.5-051745,,,,,
053513.5-051857,,,,,
053513.5-052031,3.535,-0.27,0.33,6.11,-0.4814860601221125
053513.5-052219,3.546,-0.06,0.37,5.8,-0.431798275933005
053513.5-052304,,,,,
053513.5-052330,3.513,-0.33,0.27,5.69,-0.5686362358410126
053513.5-052355,,,,,
053513.5-052359,,,,,
053513.5-052501,,,,,
053513.5-052728,3.513,-0.31,0.27,5.82,-0.5686362358410126
053513.5-052757,,,,,
053513.5-053508,3.557,-0.5,0.4,6.38,-0.3979400086720376
053513.6-051832,,,,,
053513.6-051954,3.643,-0.87,,,
053513.6-052121,3.513,-0.88,0.24,6.54,-0.619788758288394
053513.6-052256,,,,,
053513.6-052345,,,,,
053513.6-052425,3.568,-0.22,0.46,6.15,-0.3372421683184259
053513.6-052846,,,,,
053513.6-053057,3.643,0.47,1.2,6.02,0.07918124604762482
053513.6-053212,,,,,
053513.7-051925,,,,,
053513.7-052135,,,,,
053513.7-052147,,,,,
053513.7-052217,,,,,
053513.7-052221,3.546,0.33,0.36,4.76,-0.44369749923271273
053513.7-052230,,,,,
053513.7-052438,,,,,
053513.7-053454,,,,,
053513.8-052150,,,,,
053513.8-052202,,,,,
053513.8-052206,3.535,0.12,0.33,5.16,-0.4814860601221125
053513.8-052209,,,,,
053513.8-052246,,,,,
053513.8-052407,,,,,
053513.8-052426,,,,,
053513.8-052737,3.491,-0.75,0.19,6.16,-0.721246399047171
053513.8-053024,3.524,-0.4,0.29,6.15,-0.5376020021010439
053513.9-051853,,,,,
053513.9-052123,,,,,
053513.9-052157,,,,,
053513.9-052229,,,,,
053513.9-052231,,,,,
053513.9-052235,,,,,
053513.9-052237,,,,,
053513.9-052320,,,,,
053513.9-052409,,,,,
053513.9-052700,,,,,
053514.0-051848,,,,,
053514.0-051951,3.753,0.57,1.49,7.06,0.17318626841227402
053514.0-052012,,,,,
053514.0-052222,,,,,
053514.0-052236,3.513,0.31,0.26,4.34,-0.585026652029182
053514.0-052313,,,,,
053514.0-052338,3.513,0.22,0.26,4.56,-0.585026652029182
053514.0-052427,,,,,
053514.0-052520,,,,,
053514.0-052550,3.479,-0.77,0.15,5.73,-0.8239087409443188
053514.0-052635,,,,,
053514.1-052357,,,,,
053514.1-052620,,,,,
053514.1-052710,,,,,
053514.2-051427,,,,,
053514.2-051804,,,,,
053514.2-052004,3.491,-0.69,0.19,6.2,-0.721246399047171
053514.2-052154,,,,,
053514.2-052304,,,,,
053514.2-052408,,,,,
053514.2-052424,3.602,0.56,0.7,5.64,-0.1549019599857432
053514.2-052612,,,,,
053514.2-052843,,,,,
053514.3-051340,,,,,
053514.3-052204,,,,,
053514.3-052232,,,,,
053514.3-052235,,,,,
053514.3-052254,,,,,
053514.3-052308,,,,,
053514.3-052317,,,,,
053514.4-051725,3.557,-0.12,0.41,6.02,-0.38721614328026455
053514.4-051824,,,,,
053514.4-052230,,,,,
053514.4-052255,,,,,
053514.4-052322,,,,,
053514.4-052333,3.557,0.36,0.41,4.94,-0.38721614328026455
053514.4-052350,,,,,
053514.4-052410,,,,,
053514.4-052502,3.535,-0.55,0.33,6.32,-0.4814860601221125
053514.4-052541,,,,,
053514.4-053246,3.491,-0.51,0.21,6.0,-0.6777807052660807
053514.5-051956,,,,,
053514.5-052206,3.526,-0.59,0.29,6.32,-0.5376020021010439
053514.5-052238,,,,,
053514.5-052315,,,,,
053514.5-052407,,,,,
053514.5-052630,,,,,
053514.5-052903,3.479,-1.27,0.11,6.01,-0.958607314841775
053514.6-051400,,,,,
053514.6-052042,,,,,
053514.6-052149,,,,,
053514.6-052211,,,,,
053514.6-052233,3.602,0.71,0.72,5.3,-0.14266750356873156
053514.6-052301,3.555,-0.15,0.4,6.03,-0.3979400086720376
053514.6-052328,,,,,
053514.7-051646,,,,,
053514.7-052016,,,,,
053514.7-052028,,,,,
053514.7-052106,,,,,
053514.7-052229,,,,,
053514.7-052238,,,,,
053514.7-052249,,,,,
053514.7-052322,3.513,0.2,0.26,4.6,-0.585026652029182
053514.7-052412,,,,,
053514.7-053416,3.513,-0.54,0.26,6.29,-0.585026652029182
053514.8-052223,,,,,
053514.8-052225,,,,,
053514.8-052231,,,,,
053514.8-052305,,,,,
053514.8-052315,,,,,
053514.8-052346,,,,,
053514.8-052406,,,,,
053514.8-052411,3.491,-0.06,0.22,4.85,-0.6575773191777937
053514.9-052159,3.661,0.42,1.52,6.3,0.18184358794477254
053514.9-052239,3.661,0.78,1.68,5.88,0.22530928172586284
053514.9-052328,,,,,
053514.9-052339,,,,,
053514.9-052412,,,,,
053514.9-052417,,,,,
053514.9-052449,,,,,
053514.9-052734,,,,,
053515.0-051639,,,,,
053515.0-052231,,,,,
053515.0-052354,,,,,
053515.1-052217,,,,,
053515.1-052229,,,,,
053515.1-052254,3.67,0.73,1.86,6.05,0.26951294421791633
053515.1-052304,,,,,
053515.1-052346,,,,,
053515.2-052015,,,,,
053515.2-052029,3.491,-0.66,0.19,6.24,-0.721246399047171
053515.2-052155,,,,,
053515.2-052224,3.602,0.12,0.69,6.03,-0.16115090926274472
053515.2-052256,3.745,0.96,2.09,6.65,0.320146286111054
053515.2-052318,,,,,
053515.2-052349,,,,,
053515.2-052509,,,,,
053515.2-052738,,,,,
053515.3-051338,3.502,-0.53,0.23,6.24,-0.638272163982407
053515.3-051902,3.479,-0.56,0.18,5.77,-0.744727494896694
053515.3-052128,,,,,
053515.3-052215,,,,,
053515.3-052224,3.546,,,,
053515.3-052225,3.546,,,,
053515.3-052333,3.535,,,,
053515.4-051739,,,,,
053515.4-051934,,,,,
053515.4-052040,,,,,
053515.4-052045,,,,,
053515.4-052113,3.524,0.07,0.29,4.98,-0.5376020021010439
053515.4-052115,,,,,
053515.4-052248,3.535,0.0,0.33,5.38,-0.4814860601221125
053515.4-052345,,,,,
053515.4-052507,,,,,
053515.4-052559,,,,,
053515.4-052722,3.524,-0.09,0.29,5.65,-0.5376020021010439
053515.4-052747,,,,,
053515.4-053023,,,,,
053515.5-051943,,,,,
053515.5-052218,,,,,
053515.5-052246,,,,,
053515.5-052337,,,,,
053515.5-052514,3.58,0.69,0.55,4.65,-0.2596373105057561
053515.5-053511,,,,,
053515.6-051747,,,,,
053515.6-051809,,,,,
053515.6-051943,,,,,
053515.6-052126,,,,,
053515.6-052256,3.719,1.16,2.77,6.23,0.4424797690644485
053515.6-052339,,,,,
053515.6-052402,3.585,0.22,0.55,5.84,-0.2596373105057561
053515.6-052510,3.546,-0.12,0.36,5.98,-0.44369749923271273
053515.6-052533,3.591,0.1,0.59,5.96,-0.22914798835785583
053515.6-053445,3.467,-0.43,0.17,5.19,-0.7695510786217261
053515.7-051947,,,,,
053515.7-052139,3.513,-0.52,0.26,6.28,-0.585026652029182
053515.7-052309,4.14,2.42,4.0,6.22,0.6020599913279624
053515.7-052322,,,,,
053515.7-052338,,,,,
053515.7-052411,,,,,
053515.7-052424,,,,,
053515.7-052628,3.546,-0.42,0.37,6.25,-0.431798275933005
053515.7-052815,3.479,-0.53,0.18,5.73,-0.744727494896694
053515.8-052040,3.467,-0.26,0.18,4.92,-0.744727494896694
053515.8-052121,,,,,
053515.8-052233,3.524,-0.13,0.29,5.84,-0.5376020021010439
053515.8-052245,3.513,0.01,0.26,4.97,-0.585026652029182
053515.8-052301,3.602,0.06,0.7,6.12,-0.1549019599857432
053515.8-052311,,,,,
053515.8-052314,4.471,4.5,18.91,,1.2766915288450398
053515.8-052322,3.695,0.08,1.27,7.09,0.10380372095595687
053515.8-052325,,,,,
053515.8-052417,,,,,
053515.8-052457,,,,,
053515.8-052852,3.524,-0.22,0.29,5.97,-0.5376020021010439
053515.8-053005,,,,,
053515.8-053312,3.58,-0.28,0.54,6.32,-0.2676062401770315
053515.9-051459,3.623,0.07,0.91,6.29,-0.040958607678906384
053515.9-051657,,,,,
053515.9-052200,,,,,
053515.9-052221,3.602,0.04,0.7,6.13,-0.1549019599857432
053515.9-052337,,,,,
053515.9-052349,3.719,1.3,3.0,6.12,0.47712125471966244
053515.9-052607,,,,,
053516.0-051944,,,,,
053516.0-052036,3.661,0.12,1.35,6.7,0.13033376849500614
053516.0-052109,,,,,
053516.0-052146,3.454,-0.52,0.14,5.12,-0.8538719643217619
053516.0-052153,,,,,
053516.0-052254,,,,,
053516.0-052306,,,,,
053516.0-052334,,,,,
053516.0-052352,3.806,1.18,1.96,6.81,0.292256071356476
053516.0-052353,,,,,
053516.0-052411,3.535,0.14,0.32,5.11,-0.494850021680094
053516.0-052551,3.491,-0.31,0.22,5.3,-0.6575773191777937
053516.0-052720,,,,,
053516.1-051547,,,,,
053516.1-052110,,,,,
053516.1-052212,,,,,
053516.1-052237,3.502,0.09,0.25,4.8,-0.6020599913279624
053516.1-052255,3.546,,,,
053516.1-052306,4.272,3.28,6.99,5.53,0.8444771757456815
053516.1-052314,,,,,
053516.1-052322,,,,,
053516.2-051906,,,,,
053516.2-052109,3.479,0.14,0.19,4.23,-0.721246399047171
053516.2-052132,3.513,-0.47,0.26,6.25,-0.585026652029182
053516.2-052210,3.544,-2.16,,,
053516.2-052224,,,,,
053516.2-052301,,,,,
053516.2-052316,3.67,,,,
053516.2-052319,,,,,
053516.2-052456,,,,,
053516.2-052833,,,,,
053516.2-053100,3.479,-0.75,0.16,5.71,-0.7958800173440752
053516.2-053200,3.454,-0.68,0.12,5.27,-0.9208187539523752
053516.2-053332,,,,,
053516.3-051538,3.568,-0.1,0.46,6.04,-0.3372421683184259
053516.3-051744,,,,,
053516.3-052025,3.467,-0.46,0.16,5.24,-0.7958800173440752
053516.3-052044,,,,,
053516.3-052150,3.524,-0.18,0.29,5.94,-0.5376020021010439
053516.3-052221,,,,,
053516.3-052249,3.524,-0.09,0.37,5.9,-0.431798275933005
053516.3-052403,3.602,0.59,0.7,5.59,-0.1549019599857432
053516.3-052437,,,,,
053516.3-052509,3.546,-0.16,0.37,6.03,-0.431798275933005
053516.3-052932,,,,,
053516.4-051952,,,,,
053516.4-052212,,,,,
053516.4-052235,3.491,-0.22,0.22,5.13,-0.6575773191777937
053516.4-052256,,,,,
053516.4-052322,4.603,5.4,37.7,,1.5763413502057928
053516.5-051747,,,,,
053516.5-052054,,,,,
053516.5-052115,,,,,
053516.5-052405,3.58,0.76,0.56,4.5,-0.25181197299379954
053516.5-052517,3.535,-0.24,0.33,6.09,-0.4814860601221125
053516.5-052634,,,,,
053516.6-051723,,,,,
053516.6-051935,3.58,-0.37,0.54,6.43,-0.2676062401770315
053516.6-052130,,,,,
053516.6-052241,,,,,
053516.6-052316,,,,,
053516.6-053247,3.571,-0.06,0.47,6.01,-0.3279021420642826
053516.7-051716,,,,,
053516.7-052019,,,,,
053516.7-052158,,,,,
053516.7-052231,3.491,-0.76,0.18,6.15,-0.744727494896694
053516.7-052316,3.736,,,,
053516.7-052328,,,,,
053516.7-052404,3.623,0.52,0.9,5.76,-0.045757490560675115
053516.7-052837,,,,,
053516.8-051653,3.479,-0.73,0.16,5.83,-0.7958800173440752
053516.8-051901,,,,,
053516.8-052222,3.58,0.49,0.53,5.22,-0.27572413039921095
053516.8-052307,,,,,
053516.8-052342,,,,,
053516.8-053055,,,,,
053516.9-051702,3.526,-1.77,0.21,7.62,-0.6777807052660807
053516.9-051841,,,,,
053516.9-051946,,,,,
053516.9-052059,,,,,
053516.9-052129,,,,,
053516.9-052209,,,,,
053516.9-052220,3.602,0.2,0.68,5.99,-0.16749108729376366
053516.9-052235,,,,,
053516.9-052248,3.623,,,,
053516.9-052300,3.58,0.36,0.52,5.73,-0.2839966563652008
053516.9-052302,,,,,
053516.9-052337,3.535,-0.03,0.33,5.46,-0.4814860601221125
053516.9-052547,3.524,-0.31,0.29,6.07,-0.5376020021010439
053516.9-052708,,,,,
053516.9-053246,,,,,
053517.0-051544,,,,,
053517.0-052011,,,,,
053517.0-052123,3.502,-0.38,0.23,5.9,-0.638272163982407
053517.0-052232,3.695,0.76,2.2,6.32,0.3424226808222063
053517.0-052334,3.708,0.96,2.5,6.27,0.3979400086720376
053517.0-052339,3.591,-0.35,0.63,6.53,-0.2006594505464183
053517.0-052858,,,,,
053517.1-051806,,,,,
053517.1-051813,,,,,
053517.1-051900,,,,,
053517.1-052129,,,,,
053517.1-052250,3.479,-0.42,0.19,5.34,-0.721246399047171
053517.1-052458,3.467,-0.08,0.18,4.56,-0.744727494896694
053517.1-052645,,,,,
053517.2-052027,3.513,-0.25,0.27,5.66,-0.5686362358410126
053517.2-052105,,,,,
053517.2-052131,3.67,1.3,2.62,5.56,0.41830129131974547
053517.2-052135,,,,,
053517.2-052316,4.42,4.35,16.63,,1.220892249219519
053517.2-052424,3.557,-0.27,0.41,6.14,-0.38721614328026455
053517.3-052014,3.571,-0.45,0.49,6.46,-0.3098039199714863
053517.3-052051,,,,,
053517.3-052117,,,,,
053517.3-052203,,,,,
053517.3-052221,,,,,
053517.3-052235,3.719,,,,
053517.3-052240,,,,,
053517.3-052245,,,,,
053517.3-052304,3.414,-1.42,,,
053517.3-052400,3.661,0.35,1.48,6.39,0.17026171539495738
053517.3-052544,3.557,-0.05,0.41,5.97,-0.38721614328026455
053517.3-053046,3.491,-1.16,0.14,6.66,-0.8538719643217619
053517.4-051656,,,,,
053517.4-052251,,,,,
053517.4-052321,3.591,0.19,0.59,5.88,-0.22914798835785583
053517.4-052341,,,,,
053517.4-052413,3.467,-0.45,0.17,5.23,-0.7695510786217261
053517.4-052417,3.467,-0.3,0.17,4.99,-0.7695510786217261
053517.4-053025,,,,,
053517.4-053216,,,,,
053517.5-051740,3.679,1.04,2.43,5.86,0.38560627359831223
053517.5-051822,,,,,
053517.5-051832,,,,,
053517.5-051929,,,,,
053517.5-052037,,,,,
053517.5-052106,,,,,
053517.5-052145,,,,,
053517.5-052200,,,,,
053517.5-052256,3.67,0.84,1.94,5.93,0.287801729930226
053517.5-052324,,,,,
053517.5-052542,3.591,-0.08,0.6,6.16,-0.22184874961635637
053517.6-052153,,,,,
053517.6-052207,,,,,
053517.6-052212,,,,,
053517.6-052233,,,,,
053517.6-052251,,,,,
053517.6-053202,3.491,-0.62,0.2,6.28,-0.6989700043360187
053517.7-051928,,,,,
053517.7-052230,3.502,,,,
053517.7-052314,,,,,
053517.7-052320,,,,,
053517.7-052342,3.467,,,,
053517.7-052344,,,,,
053517.7-052454,3.464,-0.19,0.16,4.6,-0.7958800173440752
053517.8-051835,,,,,
053517.8-051843,,,,,
053517.8-052053,,,,,
053517.8-052153,,,,,
053517.8-052202,,,,,
053517.8-052219,,,,,
053517.8-052303,3.591,-0.33,0.64,6.51,-0.1938200260161128
053517.8-052315,3.58,0.35,0.52,5.74,-0.2839966563652008
053517.8-052321,,,,,
053517.8-052430,,,,,
053517.8-052441,,,,,
053517.8-053041,3.513,-0.78,0.24,6.46,-0.619788758288394
053517.9-051532,,,,,
053517.9-051538,3.591,0.06,0.6,6.01,-0.22184874961635637
053517.9-051644,,,,,
053517.9-051756,,,,,
053517.9-052059,,,,,
053517.9-052245,3.661,1.43,2.52,5.39,0.4014005407815441
053517.9-052326,,,,,
053517.9-052335,,,,,
053517.9-052506,3.58,0.37,0.52,5.71,-0.2839966563652008
053517.9-052521,3.502,0.16,0.24,4.55,-0.619788758288394
053517.9-052534,,,,,
053517.9-052650,3.479,-1.15,0.12,6.6,-0.9208187539523752
053518.0-051613,,,,,
053518.0-052055,,,,,
053518.0-052141,,,,,
053518.0-052205,3.58,0.11,0.52,5.9,-0.2839966563652008
053518.0-052401,,,,,
053518.0-052403,3.557,,,,
053518.0-052934,3.546,-0.07,0.37,5.83,-0.431798275933005
053518.0-053031,3.454,-0.8,0.1,5.38,-1.0
053518.1-051546,3.502,-0.6,0.23,6.31,-0.638272163982407
053518.1-052825,3.557,-1.12,0.39,7.21,-0.4089353929735008
053518.2-051306,,,,,
053518.2-051722,,,,,
053518.2-051745,,,,,
053518.2-052033,,,,,
053518.2-052206,,,,,
053518.2-052307,3.491,-0.02,0.22,4.78,-0.6575773191777937
053518.2-052315,3.535,-0.03,0.33,5.47,-0.4814860601221125
053518.2-052335,,,,,
053518.2-052430,,,,,
053518.2-052535,3.557,-0.77,0.42,6.76,-0.37675070960209955
053518.2-052926,,,,,
053518.2-052953,3.502,-0.31,0.24,5.56,-0.619788758288394
053518.3-051501,,,,,
053518.3-052016,3.479,-0.91,0.14,6.05,-0.8538719643217619
053518.3-052020,,,,,
053518.3-052144,3.557,-0.56,0.4,6.45,-0.3979400086720376
053518.3-052237,3.719,1.23,2.95,6.17,0.46982201597816303
053518.3-052404,3.513,-0.66,0.25,6.37,-0.6020599913279624
053518.3-052426,3.513,-0.03,0.27,5.5,-0.5686362358410126
053518.3-052757,,,,,
053518.3-052846,,,,,
053518.3-053141,,,,,
053518.4-051637,3.602,0.39,0.69,5.77,-0.16115090926274472
053518.4-052407,3.513,-0.11,0.27,5.5,-0.5686362358410126
053518.5-051531,,,,,
053518.5-051820,3.524,-0.57,0.29,6.03,-0.5376020021010439
053518.5-051929,,,,,
053518.5-052042,3.502,-1.06,0.18,6.63,-0.744727494896694
053518.5-052147,,,,,
053518.5-052150,,,,,
053518.5-052231,,,,,
053518.5-052329,3.58,0.69,0.55,4.65,-0.2596373105057561
053518.5-052624,,,,,
053518.6-051635,3.602,-0.48,0.73,6.89,-0.1366771398795441
053518.6-051835,,,,,
053518.6-051905,,,,,
053518.6-052033,3.719,1.24,2.97,6.17,0.4727564493172124
053518.6-052313,3.679,0.63,1.91,6.27,0.2810333672477275
053518.6-052356,3.535,-0.36,0.33,6.17,-0.4814860601221125
053518.6-052631,,,,,
053518.7-051518,,,,,
053518.7-051802,,,,,
053518.7-051938,,,,,
053518.7-052202,3.524,-0.1,0.29,5.72,-0.5376020021010439
053518.7-052256,3.679,0.58,1.88,6.35,0.2741578492636798
053518.8-051445,,,,,
053518.8-051729,3.867,1.86,3.11,6.32,0.4927603890268375
053518.8-052030,,,,,
053518.8-052141,,,,,
053518.8-052222,,,,,
053518.8-052307,,,,,
053518.8-052328,3.58,-0.02,0.53,6.01,-0.27572413039921095
053518.8-052417,3.58,0.66,0.54,4.74,-0.2676062401770315
053518.9-051614,3.679,0.05,1.3,6.98,0.11394335230683678
053518.9-051751,,,,,
053518.9-051903,,,,,
053518.9-052048,,,,,
053518.9-052052,3.602,-0.83,0.7,7.47,-0.1549019599857432
053518.9-052107,3.507,0.06,0.25,4.81,-0.6020599913279624
053518.9-052218,3.602,0.28,0.68,5.92,-0.16749108729376366
053518.9-052321,,,,,
053519.0-052307,,,,,
053519.0-052349,3.713,0.11,1.22,7.2,0.08635983067474821
053519.0-052502,3.602,0.09,0.69,6.06,-0.16115090926274472
053519.0-052822,,,,,
053519.1-052035,3.513,-0.12,0.27,5.56,-0.5686362358410126
053519.1-052112,,,,,
053519.1-052118,,,,,
053519.1-052143,,,,,
053519.1-052234,,,,,
053519.1-052327,3.591,0.05,0.6,6.01,-0.22184874961635637
053519.1-052528,,,,,
053519.2-051732,,,,,
053519.2-052049,,,,,
053519.2-052250,3.643,0.2,1.19,6.36,0.07554696139253074
053519.2-052732,3.441,-1.12,,,
053519.2-053103,,,,,
053519.3-051644,3.502,-0.77,0.21,6.42,-0.6777807052660807
053519.3-051719,,,,,
053519.3-052007,3.695,0.34,1.6,6.78,0.20411998265592482
053519.3-052306,,,,,
053519.3-052542,,,,,
053519.3-053419,,,,,
053519.4-052221,3.441,-0.92,,,
053519.4-052716,,,,,
053519.5-051608,,,,,
053519.5-051703,,,,,
053519.5-052104,3.502,-0.11,0.26,5.4,-0.585026652029182
053519.5-052149,,,,,
053519.5-052735,,,,,
053519.5-053158,,,,,
053519.6-051326,,,,,
053519.6-052001,,,,,
053519.6-052057,,,,,
053519.6-052303,,,,,
053519.6-052357,3.591,-0.23,0.62,6.38,-0.2076083105017461
053519.6-052426,3.524,-0.05,0.29,5.29,-0.5376020021010439
053519.6-052507,,,,,
053519.7-051405,3.491,-0.87,0.17,6.48,-0.7695510786217261
053519.7-051930,,,,,
053519.7-052029,,,,,
053519.7-052031,,,,,
053519.7-052110,,,,,
053519.7-052234,,,,,
053519.8-051508,,,,,
053519.8-051535,,,,,
053519.8-051841,,,,,
053519.8-052221,,,,,
053519.8-052440,,,,,
053519.8-052447,3.557,-0.73,0.4,6.66,-0.3979400086720376
053519.8-053032,3.454,-0.54,0.13,5.14,-0.8860566476931632
053519.8-053037,,,,,
053519.9-051846,,,,,
053519.9-052154,,,,,
053519.9-052232,,,,,
053519.9-052402,3.535,0.17,0.32,5.05,-0.494850021680094
053519.9-053103,,,,,
053519.9-053353,3.513,-0.37,0.27,5.74,-0.5686362358410126
053520.0-051250,,,,,
053520.0-051958,,,,,
053520.0-052038,,,,,
053520.0-052043,,,,,
053520.0-052105,3.602,0.22,0.69,5.92,-0.16115090926274472
053520.0-052223,,,,,
053520.0-052226,3.467,-0.67,0.14,5.54,-0.8538719643217619
053520.0-052514,,,,,
053520.0-052522,,,,,
053520.0-052537,3.575,0.04,0.49,5.94,-0.3098039199714863
053520.0-052912,,,,,
053520.0-052916,,,,,
053520.1-051221,,,,,
053520.1-051315,3.643,1.47,1.98,5.25,0.2966651902615311
053520.1-051944,,,,,
053520.1-052024,,,,,
053520.1-052133,,,,,
053520.1-052228,,,,,
053520.1-052308,,,,,
053520.1-052604,,,,,
053520.1-052639,3.719,0.91,2.26,6.44,0.35410843914740087
053520.1-052841,3.467,-1.14,,,
053520.2-051359,3.479,-0.54,0.18,5.71,-0.744727494896694
053520.2-052056,3.771,2.27,5.0,5.55,0.6989700043360189
053520.2-052503,,,,,
053520.2-052706,,,,,
053520.2-053216,3.441,-0.86,,,
053520.3-051957,,,,,
053520.3-052617,3.454,-1.33,,,
053520.3-053039,3.467,-0.22,0.18,4.84,-0.744727494896694
053520.4-051714,3.562,0.08,0.43,5.9,-0.36653154442041347
053520.4-051932,,,,,
053520.4-052019,,,,,
053520.4-052213,3.633,,,,
053520.4-052329,3.58,0.24,0.52,5.81,-0.2839966563652008
053520.4-052910,3.435,-0.73,,,
053520.5-052043,,,,,
053520.5-052052,,,,,
053520.5-052122,,,,,
053520.5-052140,,,,,
053520.5-052420,,,,,
053520.5-052425,,,,,
053520.5-052632,,,,,
053520.6-052245,3.557,-0.36,0.41,6.23,-0.38721614328026455
053520.6-052353,,,,,
053520.6-052446,3.535,-0.4,0.33,6.2,-0.4814860601221125
053520.6-052510,,,,,
053520.7-051549,,,,,
053520.7-051926,,,,,
053520.7-052144,4.272,3.11,6.25,5.79,0.7958800173440752
053520.7-052155,3.58,-0.39,0.54,6.46,-0.2676062401770315
053520.7-052616,,,,,
053520.8-052113,,,,,
053520.8-052121,3.623,-0.57,0.8,7.28,-0.09691001300805639
053520.8-052130,3.479,-0.62,0.17,5.84,-0.7695510786217261
053520.9-052150,,,,,
053520.9-052234,,,,,
053520.9-052321,3.58,-0.13,0.54,6.14,-0.2676062401770315
053520.9-052534,,,,,
053520.9-053005,,,,,
053521.0-051637,3.623,0.26,0.9,6.05,-0.045757490560675115
053521.0-052043,,,,,
053521.0-052222,3.513,-0.2,0.27,6.0,-0.5686362358410126
053521.0-052349,3.708,1.12,2.7,6.14,0.43136376415898736
053521.0-052355,,,,,
053521.0-052809,3.591,-0.19,0.61,6.31,-0.21467016498923297
053521.0-052905,,,,,
053521.0-053121,3.643,0.06,1.17,6.57,0.06818586174616162
053521.1-051821,,,,,
053521.1-051916,,,,,
053521.1-052055,,,,,
053521.1-052333,3.471,-0.68,0.15,5.56,-0.8239087409443188
053521.1-052556,3.571,-1.0,0.47,7.21,-0.3279021420642826
053521.2-052200,,,,,
053521.2-052259,3.513,-0.31,0.27,5.82,-0.5686362358410126
053521.2-052316,,,,,
053521.2-052457,3.695,0.55,1.9,6.54,0.2787536009528289
053521.2-052738,,,,,
053521.2-052824,,,,,
053521.3-051902,,,,,
053521.3-052207,,,,,
053521.3-052215,3.546,-1.71,0.29,7.84,-0.5376020021010439
053521.3-052345,3.602,-0.04,0.7,6.24,-0.1549019599857432
053521.3-052411,3.568,-0.47,0.46,6.44,-0.3372421683184259
053521.3-052644,3.623,0.53,0.91,5.76,-0.040958607678906384
053521.4-051710,,,,,
053521.5-051952,,,,,
053521.5-052105,,,,,
053521.5-052316,3.502,0.18,0.24,4.51,-0.619788758288394
053521.6-051518,,,,,
053521.6-051754,,,,,
053521.6-052147,3.557,-0.2,0.41,6.08,-0.38721614328026455
053521.6-052212,,,,,
053521.6-052325,3.454,-0.45,0.14,5.04,-0.8538719643217619
053521.6-052526,3.58,-0.37,0.54,6.43,-0.2676062401770315
053521.6-052657,,,,,
053521.6-052714,3.454,-1.43,,,
053521.7-051717,,,,,
053521.7-051946,,,,,
053521.7-052310,3.546,0.32,0.36,4.79,-0.44369749923271273
053521.7-052339,3.623,0.05,0.91,6.32,-0.040958607678906384
053521.7-052348,3.535,,,,
053521.7-052644,3.535,-0.64,0.32,6.41,-0.494850021680094
053521.8-052007,,,,,
053521.8-052208,,,,,
053521.8-052240,,,,,
053521.8-052307,,,,,
053521.8-052353,3.679,0.6,1.9,6.31,0.2787536009528289
053521.8-052355,3.557,-0.34,0.41,6.21,-0.38721614328026455
053521.8-052441,,,,,
053521.9-051427,3.535,-0.17,0.33,6.02,-0.4814860601221125
053521.9-051501,3.491,-0.2,0.22,5.1,-0.6575773191777937
053521.9-051704,,,,,
053521.9-051811,,,,,
053521.9-052426,,,,,
053521.9-052827,3.518,-0.05,0.24,4.96,-0.619788758288394
053522.0-051933,,,,,
053522.0-052432,,,,,
053522.0-052811,,,,,
053522.0-052815,3.557,-0.59,0.4,6.49,-0.3979400086720376
053522.0-052855,,,,,
053522.1-051857,,,,,
053522.1-052129,,,,,
053522.1-052213,3.494,-1.21,0.15,6.71,-0.8239087409443188
053522.1-052234,3.602,0.36,0.68,5.83,-0.16749108729376366
053522.1-052331,,,,,
053522.1-052424,3.687,0.68,1.98,6.3,0.2966651902615311
053522.1-052507,,,,,
053522.2-051808,,,,,
053522.2-051950,,,,,
053522.2-052007,,,,,
053522.2-052012,,,,,
053522.2-052029,3.679,0.39,1.66,6.54,0.22010808804005508
053522.2-052142,,,,,
053522.2-052217,3.479,,,,
053522.2-052637,3.568,0.05,0.46,5.92,-0.3372421683184259
053522.2-052744,,,,,
053522.2-052836,3.441,-1.13,,,
053522.3-052414,3.557,-0.04,0.41,5.96,-0.38721614328026455
053522.3-052728,3.479,-0.57,0.18,5.78,-0.744727494896694
053522.3-053116,3.441,-0.7,,,
053522.3-053355,3.479,-0.58,0.18,5.77,-0.744727494896694
053522.4-051732,,,,,
053522.4-052201,3.679,0.26,1.5,6.7,0.17609125905568124
053522.4-052413,,,,,
053522.4-052509,3.679,,,,
053522.4-052545,,,,,
053522.4-052611,,,,,
053522.5-051951,,,,,
053522.5-052343,3.58,-0.06,0.53,6.06,-0.27572413039921095
053522.6-051327,,,,,
053522.6-051411,,,,,
053522.6-051508,3.524,-1.39,0.22,7.12,-0.6575773191777937
053522.6-052137,,,,,
053522.6-053338,,,,,
053522.7-051613,,,,,
053522.7-051838,,,,,
053522.7-051947,,,,,
053522.7-052141,,,,,
053522.7-052157,,,,,
053522.7-052505,,,,,
053522.7-052514,,,,,
053522.8-052022,,,,,
053522.8-052226,,,,,
053522.8-052313,3.58,-0.02,0.53,6.01,-0.27572413039921095
053522.8-052457,4.543,5.03,23.3,,1.3673559210260189
053522.8-053137,3.535,-0.38,0.33,6.18,-0.4814860601221125
053522.9-051744,,,,,
053522.9-052241,3.623,0.37,0.9,5.92,-0.045757490560675115
053522.9-053228,3.557,-0.2,0.41,6.08,-0.38721614328026455
053523.0-052459,,,,,
053523.0-052836,,,,,
053523.1-051343,,,,,
053523.1-052228,,,,,
053523.1-052615,,,,,
053523.2-052135,,,,,
053523.2-052833,,,,,
053523.3-051957,,,,,
053523.3-052125,3.591,-0.14,0.63,6.26,-0.2006594505464183
053523.3-052810,3.502,-0.55,0.23,6.26,-0.638272163982407
053523.4-051523,,,,,
053523.4-051850,3.571,0.04,0.47,5.93,-0.3279021420642826
053523.4-052001,,,,,
053523.4-052039,,,,,
053523.4-052059,,,,,
053523.5-051857,3.58,-0.25,0.53,6.27,-0.27572413039921095
053523.5-051912,,,,,
053523.5-051930,,,,,
053523.5-052350,,,,,
053523.5-052454,,,,,
053523.6-052116,,,,,
053523.6-052212,,,,,
053523.6-052331,3.643,-0.23,1.05,7.0,0.021189299069938092
053523.6-052346,3.557,-0.56,0.4,6.45,-0.3979400086720376
053523.6-052457,,,,,
053523.6-052526,,,,,
053523.6-052626,3.513,-0.03,0.26,5.05,-0.585026652029182
053523.7-051839,3.535,-0.65,0.32,6.42,-0.494850021680094
053523.7-052319,3.513,,,,
053523.7-052804,,,,,
053523.8-052118,,,,,
053523.8-052334,3.557,-0.36,0.41,6.23,-0.38721614328026455
053523.8-053047,3.708,0.7,2.01,6.51,0.30319605742048883
053523.9-051821,,,,,
053523.9-051907,3.502,-0.5,0.24,6.14,-0.619788758288394
053523.9-051913,,,,,
053523.9-052010,,,,,
053523.9-052106,,,,,
053523.9-052509,3.557,-1.01,0.39,7.04,-0.4089353929735008
053524.0-052313,,,,,
053524.1-051854,,,,,
053524.1-051927,,,,,
053524.1-052132,3.513,-0.45,0.26,6.23,-0.585026652029182
053524.1-052155,3.479,-0.29,0.22,5.25,-0.6575773191777937
053524.2-052518,3.643,0.24,1.2,6.31,0.07918124604762482
053524.2-052957,3.535,-0.21,0.33,6.06,-0.4814860601221125
053524.3-052206,,,,,
053524.3-052232,,,,,
053524.3-052556,,,,,
053524.3-052600,,,,,
053524.3-052647,,,,,
053524.3-052844,3.441,-0.53,,,
053524.4-052401,,,,,
053524.4-052439,3.58,0.09,0.52,5.92,-0.2839966563652008
053524.4-052631,3.509,-0.15,0.26,5.39,-0.585026652029182
053524.5-051659,3.557,-0.07,0.41,5.98,-0.38721614328026455
053524.5-052501,3.557,-0.91,0.41,6.94,-0.38721614328026455
053524.5-052526,,,,,
053524.6-051909,3.502,-0.13,0.24,5.16,-0.619788758288394
053524.6-051933,,,,,
053524.6-051955,,,,,
053524.6-052104,,,,,
053524.6-052242,3.441,-0.1,0.14,4.12,-0.8538719643217619
053524.7-051641,,,,,
053524.7-052134,,,,,
053524.7-052435,3.58,-0.12,0.53,6.13,-0.27572413039921095
053524.7-052444,,,,,
053524.7-052759,,,,,
053524.7-052825,3.467,-1.34,,,
053524.8-052510,,,,,
053524.9-052401,,,,,
053525.0-052034,,,,,
053525.0-052258,3.687,0.56,1.9,6.44,0.2787536009528289
053525.0-052326,,,,,
053525.0-052346,3.661,0.47,1.53,6.23,0.1846914308175988
053525.0-052353,,,,,
053525.0-052438,,,,,
053525.1-052225,3.535,-1.46,0.25,7.33,-0.6020599913279624
053525.1-052524,,,,,
053525.2-051536,3.524,-0.47,0.29,6.22,-0.5376020021010439
053525.2-052457,,,,,
053525.2-052823,,,,,
053525.2-052951,,,,,
053525.2-053321,3.491,-0.26,0.22,5.25,-0.6575773191777937
053525.3-052006,,,,,
053525.3-052345,,,,,
053525.3-052411,3.557,-1.01,0.39,7.04,-0.4089353929735008
053525.3-052529,,,,,
053525.4-052012,,,,,
053525.4-052134,3.623,0.09,0.91,6.27,-0.040958607678906384
053525.4-052135,3.623,0.09,0.91,6.27,-0.040958607678906384
053525.4-052151,,,,,
053525.4-052333,,,,,
053525.5-052154,,,,,
053525.5-053304,,,,,
053525.6-051804,,,,,
053525.6-053020,3.571,-0.07,0.47,6.02,-0.3279021420642826
053525.6-053038,3.491,-0.28,0.22,5.23,-0.6575773191777937
053525.7-052309,3.591,-0.41,0.64,6.64,-0.1938200260161128
053525.7-052641,3.568,-0.23,0.46,6.17,-0.3372421683184259
053525.8-051809,,,,,
053525.8-052201,,,,,
053525.9-053049,,,,,
053526.0-052017,,,,,
053526.0-052120,,,,,
053526.0-052547,3.58,0.08,0.53,5.94,-0.27572413039921095
053526.1-052005,,,,,
053526.1-052257,3.454,-1.35,,,
053526.1-052520,3.491,-0.87,0.17,6.48,-0.7695510786217261
053526.1-052539,,,,,
053526.1-053018,3.524,-0.5,0.29,6.25,-0.5376020021010439
053526.2-052118,,,,,
053526.2-052219,,,,,
053526.2-052736,3.744,1.02,2.2,6.6,0.3424226808222063
053526.3-051744,,,,,
053526.3-051857,,,,,
053526.3-051950,,,,,
053526.3-052540,3.753,1.16,2.34,6.55,0.36921585741014284
053526.3-052744,3.502,-0.47,0.24,6.07,-0.619788758288394
053526.4-051612,,,,,
053526.4-052225,,,,,
053526.4-052302,3.652,-1.19,,,
053526.4-052344,,,,,
053526.4-052500,4.383,3.96,11.96,,1.077731179652392
053526.4-053016,,,,,
053526.5-051752,,,,,
053526.5-051757,,,,,
053526.5-051919,,,,,
053526.5-052609,,,,,
053526.7-051645,,,,,
053526.7-051902,,,,,
053526.7-052013,,,,,
053526.7-052053,,,,,
053526.8-051444,,,,,
053526.9-051806,,,,,
053526.9-052400,3.471,-0.71,0.14,5.55,-0.8538719643217619
053526.9-052448,3.46,-0.56,0.14,5.24,-0.8538719643217619
053527.0-051544,,,,,
053527.0-052532,,,,,
053527.1-053002,,,,,
053527.2-052615,,,,,
053527.2-053024,,,,,
053527.3-052135,,,,,
053527.3-052336,3.661,0.44,1.52,6.27,0.18184358794477254
053527.3-052928,,,,,
053527.4-051709,3.58,0.13,0.52,5.88,-0.2839966563652008
053527.4-051744,,,,,
053527.4-052628,3.58,0.05,0.52,5.95,-0.2839966563652008
053527.5-051655,,,,,
053527.5-052040,,,,,
053527.5-052725,3.513,-0.34,0.27,5.69,-0.5686362358410126
053527.5-052831,3.491,-0.3,0.22,5.33,-0.6575773191777937
053527.6-051816,,,,,
053527.6-052037,,,,,
053527.7-051804,3.557,-0.14,0.41,6.03,-0.38721614328026455
053527.7-052118,,,,,
053527.7-052121,,,,,
053527.7-052332,,,,,
053527.7-052617,,,,,
053527.7-052851,,,,,
053527.8-052323,,,,,
053527.8-052802,3.467,-0.31,0.17,5.01,-0.7695510786217261
053527.8-053109,,,,,
053527.9-051657,3.502,-0.06,0.24,5.03,-0.619788758288394
053527.9-051859,,,,,
053527.9-052246,,,,,
053527.9-052930,,,,,
053528.0-051720,3.491,-0.35,0.22,5.35,-0.6575773191777937
053528.1-051857,,,,,
053528.1-052134,,,,,
053528.1-052306,3.513,-1.22,0.2,6.84,-0.6989700043360187
053528.2-051550,,,,,
053528.2-052458,3.602,-0.6,0.74,7.1,-0.13076828026902382
053528.3-051754,3.557,-1.38,0.36,7.56,-0.44369749923271273
053528.3-051823,3.491,-0.41,0.21,5.6,-0.6777807052660807
053528.3-052503,3.546,0.01,0.37,5.66,-0.431798275933005
053528.4-051902,3.513,-0.39,0.26,5.91,-0.585026652029182
053528.4-052438,,,,,
053528.4-052620,3.993,1.54,2.46,6.88,0.39093510710337914
053528.5-052504,,,,,
053528.6-052154,,,,,
053528.6-052225,,,,,
053528.9-051618,,,,,
053529.0-052116,,,,,
053529.0-052910,3.58,-0.11,0.54,6.13,-0.2676062401770315
053529.1-051818,,,,,
053529.3-052546,3.491,-0.24,0.22,5.17,-0.6575773191777937
053529.4-051633,3.58,-0.06,0.53,6.06,-0.27572413039921095
053529.4-051845,,,,,
053529.4-052537,,,,,
053529.5-051839,,,,,
053529.5-052311,,,,,
053529.5-052456,3.557,0.7,0.43,4.14,-0.36653154442041347
053529.6-052002,,,,,
053529.6-053024,,,,,
053529.6-053112,3.535,-0.33,0.33,6.14,-0.4814860601221125
053529.8-051606,,,,,
053529.8-052348,3.535,-0.55,0.32,6.32,-0.494850021680094
053529.8-052355,3.546,-0.15,0.37,6.01,-0.431798275933005
053529.9-051853,,,,,
053529.9-052858,,,,,
053530.2-052551,3.502,-0.4,0.24,5.92,-0.619788758288394
053530.3-052238,,,,,
053530.3-052737,3.513,-0.7,0.25,6.41,-0.6020599913279624
053530.4-051901,,,,,
053530.4-051934,,,,,
053530.4-052423,,,,,
053530.4-052538,3.591,-0.11,0.6,6.19,-0.22184874961635637
053530.4-052831,3.535,-0.51,0.33,6.28,-0.4814860601221125
053530.6-052139,,,,,
053530.6-052511,3.513,-1.11,0.21,6.73,-0.6777807052660807
053530.6-052716,3.502,-0.33,0.24,5.42,-0.619788758288394
053530.7-051807,,,,,
053530.7-052146,,,,,
053530.7-052431,3.467,-0.75,0.13,5.52,-0.8860566476931632
053530.7-052535,,,,,
053530.7-052541,,,,,
053530.8-053036,3.502,-0.5,0.24,6.14,-0.619788758288394
053530.9-051817,3.502,-0.06,0.25,4.9,-0.6020599913279624
053530.9-052201,,,,,
053530.9-052523,,,,,
053530.9-052543,3.467,-0.29,0.17,4.97,-0.7695510786217261
053531.0-051844,3.46,-0.77,,,
053531.0-052004,,,,,
053531.0-052428,,,,,
053531.2-051533,3.708,0.99,2.54,6.25,0.40483371661993806
053531.2-051855,3.591,0.25,0.59,5.83,-0.22914798835785583
053531.2-051931,,,,,
053531.2-052215,,,,,
053531.2-052339,3.661,0.16,1.4,6.65,0.146128035678238
053531.2-052725,,,,,
053531.3-051602,4.383,4.33,16.31,,1.2124539610402758
053531.3-051953,,,,,
053531.3-052743,,,,,
053531.4-052136,,,,,
053531.4-052304,,,,,
053531.4-052516,4.14,2.79,5.0,5.88,0.6989700043360189
053531.4-052816,3.467,-0.83,0.12,5.6,-0.9208187539523752
053531.5-051637,,,,,
053531.5-052245,,,,,
053531.5-052702,,,,,
053531.6-051658,,,,,
053531.6-053003,3.46,-0.36,,,
053531.7-052120,,,,,
053531.7-052934,3.491,-0.51,0.21,6.0,-0.6777807052660807
053531.8-052230,,,,,
053531.8-053148,,,,,
053531.9-051559,,,,,
053532.0-051620,,,,,
053532.0-052945,,,,,
053532.3-051807,3.557,0.12,0.4,5.86,-0.3979400086720376
053532.3-052117,,,,,
053532.3-053111,3.771,1.39,2.59,6.46,0.4132997640812518
053532.4-051551,,,,,
053532.4-052822,,,,,
053532.5-052610,3.546,-0.16,0.37,6.03,-0.431798275933005
053532.6-053047,,,,,
053532.6-053125,,,,,
053532.7-051738,3.555,-0.66,0.39,6.56,-0.4089353929735008
053532.7-052118,,,,,
053532.8-051819,,,,,
053532.8-052222,,,,,
053532.8-053021,,,,,
053532.9-051605,3.623,-0.13,0.94,6.6,-0.026872146400301365
053533.1-051734,,,,,
053533.1-051846,,,,,
053533.2-051957,3.591,-0.67,0.65,7.04,-0.1870866433571444
053533.3-051651,,,,,
053533.3-052720,,,,,
053533.4-052702,,,,,
053533.6-052850,3.467,-0.38,0.17,5.11,-0.7695510786217261
053533.8-051710,,,,,
053533.8-052244,,,,,
053534.1-052541,,,,,
053534.2-052718,,,,,
053534.3-052659,,,,,
053534.5-051839,,,,,
053534.6-052715,,,,,
053534.9-052836,,,,,
053534.9-052914,3.679,0.17,1.4,6.82,0.146128035678238
053535.0-052621,,,,,
053535.0-053035,,,,,
053535.1-051946,,,,,
053535.1-052754,3.524,-0.59,0.29,6.32,-0.5376020021010439
053535.2-052127,3.661,0.15,1.4,6.67,0.146128035678238
053535.2-052654,3.513,-0.48,0.26,6.25,-0.585026652029182
053535.6-052032,,,,,
053535.6-052936,,,,,
053535.8-052033,,,,,
053535.9-052002,,,,,
053535.9-052531,,,,,
053536.1-051913,,,,,
053536.2-052020,,,,,
053536.3-052427,,,,,
053536.5-052009,,,,,
053536.6-051850,,,,,
053536.6-052328,,,,,
053536.7-051947,,,,,
053536.8-051822,,,,,
053537.2-052004,,,,,
053537.3-052641,,,,,
053537.4-052324,,,,,
053537.5-052716,3.623,0.04,0.92,6.34,-0.03621217265444471
053537.6-051944,3.454,-0.88,,,
053537.8-051826,,,,,
053538.0-052027,,,,,
053538.0-052821,3.491,-0.31,0.22,5.3,-0.6575773191777937
053538.1-051811,,,,,
053538.3-052540,,,,,
053538.3-052834,3.502,-0.64,0.23,6.34,-0.638272163982407
053538.5-052737,3.479,-1.34,0.13,6.76,-0.8860566476931632
053538.7-051858,,,,,
053539.0-052026,3.513,-0.92,0.23,6.57,-0.638272163982407
053539.0-052101,3.568,-0.24,0.46,6.17,-0.3372421683184259
053539.4-052854,,,,,
053539.5-052842,,,,,
053539.6-052750,3.491,-0.49,0.21,5.79,-0.6777807052660807
053540.0-052016,,,,,
053540.3-052840,,,,,
053540.3-053013,,,,,
053540.5-052231,,,,,
053540.5-052701,,,,,
053540.6-052807,,,,,
053540.7-052706,,,,,
053540.8-052141,,,,,
053540.9-051944,,,,,
053540.9-052202,3.491,-0.95,0.16,6.54,-0.7958800173440752
053541.3-052750,3.513,-0.75,0.25,6.44,-0.6020599913279624
053541.7-052015,,,,,
053541.7-052335,,,,,
053541.7-052604,,,,,
053541.9-052812,3.719,1.03,2.55,6.34,0.4065401804339551
053542.0-052005,3.491,-1.05,0.15,6.59,-0.8239087409443188
053542.4-052733,3.623,0.0,0.92,6.39,-0.03621217265444471
053542.6-052544,3.502,-0.68,0.22,6.37,-0.6575773191777937
053542.6-052608,3.454,-0.54,0.13,5.14,-0.8860566476931632
053542.6-052633,,,,,
053542.7-051945,,,,,
053542.8-051930,,,,,
053542.9-052300,3.535,-0.54,0.33,6.31,-0.4814860601221125
053543.2-052516,,,,,
053543.2-052759,,,,,
053543.4-052047,,,,,
053543.5-052119,,,,,
053543.6-051928,,,,,
053543.6-052400,,,,,
053543.7-052637,,,,,
053544.6-052325,,,,,
053544.8-052434,3.491,-0.26,0.22,5.25,-0.6575773191777937
053545.0-052233,,,,,
053545.0-052503,,,,,
053545.0-052654,,,,,
053545.1-052255,,,,,
053545.3-052810,3.557,-0.29,0.41,6.16,-0.38721614328026455
053545.4-052036,3.58,-0.04,0.53,6.05,-0.27572413039921095
053545.5-052822,3.513,-0.41,0.26,6.15,-0.585026652029182
053545.7-052217,,,,,
053546.5-052224,3.479,-0.42,0.21,5.62,-0.6777807052660807
053547.4-052249,3.524,-0.24,0.29,5.99,-0.5376020021010439
053547.6-052618,,,,,
053548.2-052357,,,,,
053549.2-052417,,,,,
053550.1-052116,3.513,-0.74,0.25,6.43,-0.6020599913279624
053550.2-052139,,,,,
053550.2-052211,,,,,
053550.2-052604,,,,,
053552.8-052231,,,,,
053552.8-052542,,,,,
053552.8-052713,,,,,
053552.9-052305,,,,,
053553.2-052603,,,,,
053554.3-052644,3.571,-0.27,0.48,6.23,-0.3187587626244128
053554.4-052436,,,,,
053554.5-052706,3.535,-0.43,0.33,6.22,-0.4814860601221125
053554.9-052235,3.454,-0.95,,,
053555.4-052342,3.467,-0.75,0.13,5.52,-0.8860566476931632
053556.8-052527,3.643,-0.61,0.8,7.54,-0.09691001300805639
053557.3-052508,3.467,-0.84,0.12,5.61,-0.9208187539523752
053557.4-052415,,,,,
053557.6-052310,3.502,-0.31,0.48,5.56,-0.3187587626244128
